Accession	Title	BioProject	SRA	Status	Release Date	Created	Updated	Submission	BioSample.name	BioSample.organism_name
SAMN32380243	MIMS Environmental/Metagenome sample from soil metagenome	PRJNA915204	SRR22880507	ToBeReleased	2026-01-01	2022-12-23T06:00:09.560Z	2022-12-23T17:15:29.816Z	SUB12449415	JEP167	soil metagenome
SAMN32380242	MIMS Environmental/Metagenome sample from soil metagenome	PRJNA915204	SRR22880544	ToBeReleased	2026-01-01	2022-12-23T06:00:09.550Z	2022-12-23T17:15:29.623Z	SUB12449415	JEP166	soil metagenome
SAMN32380241	MIMS Environmental/Metagenome sample from soil metagenome	PRJNA915204	SRR22880546	ToBeReleased	2026-01-01	2022-12-23T06:00:09.540Z	2022-12-23T17:15:29.423Z	SUB12449415	JEP165	soil metagenome
SAMN32380240	MIMS Environmental/Metagenome sample from soil metagenome	PRJNA915204	SRR22880547	ToBeReleased	2026-01-01	2022-12-23T06:00:09.530Z	2022-12-23T17:15:29.210Z	SUB12449415	JEP164	soil metagenome
SAMN32380332	MIMS Environmental/Metagenome sample from soil metagenome	PRJNA915204	SRR22880548	ToBeReleased	2026-01-01	2022-12-23T06:00:10.560Z	2022-12-23T17:15:29.020Z	SUB12449415	JTS24	soil metagenome
SAMN32380239	MIMS Environmental/Metagenome sample from soil metagenome	PRJNA915204	SRR22880549	ToBeReleased	2026-01-01	2022-12-23T06:00:09.520Z	2022-12-23T17:15:28.800Z	SUB12449415	JEP163	soil metagenome
SAMN32380238	MIMS Environmental/Metagenome sample from soil metagenome	PRJNA915204	SRR22880550	ToBeReleased	2026-01-01	2022-12-23T06:00:09.510Z	2022-12-23T17:15:28.596Z	SUB12449415	JEP162	soil metagenome
SAMN32380237	MIMS Environmental/Metagenome sample from soil metagenome	PRJNA915204	SRR22880551	ToBeReleased	2026-01-01	2022-12-23T06:00:09.500Z	2022-12-23T17:15:28.396Z	SUB12449415	JEP161	soil metagenome
SAMN32380228	MIMS Environmental/Metagenome sample from soil metagenome	PRJNA915204	SRR22880553	ToBeReleased	2026-01-01	2022-12-23T06:00:09.410Z	2022-12-23T17:15:28.146Z	SUB12449415	JEP152	soil metagenome
SAMN32380092	MIMS Environmental/Metagenome sample from soil metagenome	PRJNA915204	SRR22880552	ToBeReleased	2026-01-01	2022-12-23T06:00:07.676Z	2022-12-23T17:15:27.933Z	SUB12449415	JEP16	soil metagenome
SAMN32380227	MIMS Environmental/Metagenome sample from soil metagenome	PRJNA915204	SRR22880554	ToBeReleased	2026-01-01	2022-12-23T06:00:09.400Z	2022-12-23T17:15:27.736Z	SUB12449415	JEP151	soil metagenome
SAMN32380226	MIMS Environmental/Metagenome sample from soil metagenome	PRJNA915204	SRR22880555	ToBeReleased	2026-01-01	2022-12-23T06:00:09.390Z	2022-12-23T17:15:27.550Z	SUB12449415	JEP150	soil metagenome
SAMN32380091	MIMS Environmental/Metagenome sample from soil metagenome	PRJNA915204	SRR22880556	ToBeReleased	2026-01-01	2022-12-23T06:00:07.663Z	2022-12-23T17:15:27.343Z	SUB12449415	JEP15	soil metagenome
SAMN32380331	MIMS Environmental/Metagenome sample from soil metagenome	PRJNA915204	SRR22880559	ToBeReleased	2026-01-01	2022-12-23T06:00:10.550Z	2022-12-23T17:15:27.046Z	SUB12449415	JTS23	soil metagenome
SAMN32380325	MIMS Environmental/Metagenome sample from soil metagenome	PRJNA915204	SRR22880373	ToBeReleased	2026-01-01	2022-12-23T06:00:10.490Z	2022-12-23T17:15:26.773Z	SUB12449415	JTS17	soil metagenome
SAMN32380156	MIMS Environmental/Metagenome sample from soil metagenome	PRJNA915204	SRR22880569	ToBeReleased	2026-01-01	2022-12-23T06:00:08.480Z	2022-12-23T17:15:26.526Z	SUB12449415	JEP80	soil metagenome
SAMN32380324	MIMS Environmental/Metagenome sample from soil metagenome	PRJNA915204	SRR22880570	ToBeReleased	2026-01-01	2022-12-23T06:00:10.480Z	2022-12-23T17:15:26.343Z	SUB12449415	JTS16	soil metagenome
SAMN32380154	MIMS Environmental/Metagenome sample from soil metagenome	PRJNA915204	SRR22880572	ToBeReleased	2026-01-01	2022-12-23T06:00:08.456Z	2022-12-23T17:15:26.140Z	SUB12449415	JEP78	soil metagenome
SAMN32380153	MIMS Environmental/Metagenome sample from soil metagenome	PRJNA915204	SRR22880573	ToBeReleased	2026-01-01	2022-12-23T06:00:08.446Z	2022-12-23T17:15:25.720Z	SUB12449415	JEP77	soil metagenome
SAMN32380152	MIMS Environmental/Metagenome sample from soil metagenome	PRJNA915204	SRR22880574	ToBeReleased	2026-01-01	2022-12-23T06:00:08.436Z	2022-12-23T17:15:25.523Z	SUB12449415	JEP76	soil metagenome
SAMN32380151	MIMS Environmental/Metagenome sample from soil metagenome	PRJNA915204	SRR22880575	ToBeReleased	2026-01-01	2022-12-23T06:00:08.423Z	2022-12-23T17:15:25.266Z	SUB12449415	JEP75	soil metagenome
SAMN32380308	MIMS Environmental/Metagenome sample from soil metagenome	PRJNA915204	SRR22880577	ToBeReleased	2026-01-01	2022-12-23T06:00:10.313Z	2022-12-23T17:15:25.060Z	SUB12449415	JEP232	soil metagenome
SAMN32380150	MIMS Environmental/Metagenome sample from soil metagenome	PRJNA915204	SRR22880576	ToBeReleased	2026-01-01	2022-12-23T06:00:08.413Z	2022-12-23T17:15:24.833Z	SUB12449415	JEP74	soil metagenome
SAMN32380307	MIMS Environmental/Metagenome sample from soil metagenome	PRJNA915204	SRR22880579	ToBeReleased	2026-01-01	2022-12-23T06:00:10.303Z	2022-12-23T17:15:24.650Z	SUB12449415	JEP231	soil metagenome
SAMN32380306	MIMS Environmental/Metagenome sample from soil metagenome	PRJNA915204	SRR22880580	ToBeReleased	2026-01-01	2022-12-23T06:00:10.293Z	2022-12-23T17:15:24.460Z	SUB12449415	JEP230	soil metagenome
SAMN32380305	MIMS Environmental/Metagenome sample from soil metagenome	PRJNA915204	SRR22880582	ToBeReleased	2026-01-01	2022-12-23T06:00:10.280Z	2022-12-23T17:15:24.290Z	SUB12449415	JEP229	soil metagenome
SAMN32380304	MIMS Environmental/Metagenome sample from soil metagenome	PRJNA915204	SRR22880583	ToBeReleased	2026-01-01	2022-12-23T06:00:10.263Z	2022-12-23T17:15:24.066Z	SUB12449415	JEP228	soil metagenome
SAMN32380303	MIMS Environmental/Metagenome sample from soil metagenome	PRJNA915204	SRR22880584	ToBeReleased	2026-01-01	2022-12-23T06:00:10.250Z	2022-12-23T17:15:23.880Z	SUB12449415	JEP227	soil metagenome
SAMN32380302	MIMS Environmental/Metagenome sample from soil metagenome	PRJNA915204	SRR22880585	ToBeReleased	2026-01-01	2022-12-23T06:00:10.240Z	2022-12-23T17:15:23.583Z	SUB12449415	JEP226	soil metagenome
SAMN32380301	MIMS Environmental/Metagenome sample from soil metagenome	PRJNA915204	SRR22880586	ToBeReleased	2026-01-01	2022-12-23T06:00:10.186Z	2022-12-23T17:15:23.413Z	SUB12449415	JEP225	soil metagenome
SAMN32380312	MIMS Environmental/Metagenome sample from soil metagenome	PRJNA915204	SRR22880419	ToBeReleased	2026-01-01	2022-12-23T06:00:10.353Z	2022-12-23T17:15:23.236Z	SUB12449415	JTS04	soil metagenome
SAMN32380300	MIMS Environmental/Metagenome sample from soil metagenome	PRJNA915204	SRR22880587	ToBeReleased	2026-01-01	2022-12-23T06:00:10.176Z	2022-12-23T17:15:23.063Z	SUB12449415	JEP224	soil metagenome
SAMN32380081	MIMS Environmental/Metagenome sample from soil metagenome	PRJNA915204	SRR22880593	ToBeReleased	2026-01-01	2022-12-23T06:00:07.560Z	2022-12-23T17:15:22.886Z	SUB12449415	JEP5	soil metagenome
SAMN32380181	MIMS Environmental/Metagenome sample from soil metagenome	PRJNA915204	SRR22880599	ToBeReleased	2026-01-01	2022-12-23T06:00:08.806Z	2022-12-23T17:15:22.706Z	SUB12449415	JEP105	soil metagenome
SAMN32380299	MIMS Environmental/Metagenome sample from soil metagenome	PRJNA915204	SRR22880605	ToBeReleased	2026-01-01	2022-12-23T06:00:10.166Z	2022-12-23T17:15:22.520Z	SUB12449415	JEP223	soil metagenome
SAMN32380318	MIMS Environmental/Metagenome sample from soil metagenome	PRJNA915204	SRR22880588	ToBeReleased	2026-01-01	2022-12-23T06:00:10.413Z	2022-12-23T17:15:22.280Z	SUB12449415	JTS10	soil metagenome
SAMN32380298	MIMS Environmental/Metagenome sample from soil metagenome	PRJNA915204	SRR22880606	ToBeReleased	2026-01-01	2022-12-23T06:00:10.156Z	2022-12-23T17:15:22.100Z	SUB12449415	JEP222	soil metagenome
SAMN32380296	MIMS Environmental/Metagenome sample from soil metagenome	PRJNA915204	SRR22880608	ToBeReleased	2026-01-01	2022-12-23T06:00:10.133Z	2022-12-23T17:15:21.913Z	SUB12449415	JEP220	soil metagenome
SAMN32380297	MIMS Environmental/Metagenome sample from soil metagenome	PRJNA915204	SRR22880607	ToBeReleased	2026-01-01	2022-12-23T06:00:10.146Z	2022-12-23T17:15:21.713Z	SUB12449415	JEP221	soil metagenome
SAMN32380294	MIMS Environmental/Metagenome sample from soil metagenome	PRJNA915204	SRR22880611	ToBeReleased	2026-01-01	2022-12-23T06:00:10.110Z	2022-12-23T17:15:21.526Z	SUB12449415	JEP218	soil metagenome
SAMN32380295	MIMS Environmental/Metagenome sample from soil metagenome	PRJNA915204	SRR22880610	ToBeReleased	2026-01-01	2022-12-23T06:00:10.123Z	2022-12-23T17:15:21.340Z	SUB12449415	JEP219	soil metagenome
SAMN32380293	MIMS Environmental/Metagenome sample from soil metagenome	PRJNA915204	SRR22880612	ToBeReleased	2026-01-01	2022-12-23T06:00:10.100Z	2022-12-23T17:15:21.140Z	SUB12449415	JEP217	soil metagenome
SAMN32380292	MIMS Environmental/Metagenome sample from soil metagenome	PRJNA915204	SRR22880613	ToBeReleased	2026-01-01	2022-12-23T06:00:10.090Z	2022-12-23T17:15:20.956Z	SUB12449415	JEP216	soil metagenome
SAMN32380291	MIMS Environmental/Metagenome sample from soil metagenome	PRJNA915204	SRR22880614	ToBeReleased	2026-01-01	2022-12-23T06:00:10.080Z	2022-12-23T17:15:20.763Z	SUB12449415	JEP215	soil metagenome
SAMN32380317	MIMS Environmental/Metagenome sample from soil metagenome	PRJNA915204	SRR22880615	ToBeReleased	2026-01-01	2022-12-23T06:00:10.403Z	2022-12-23T17:15:20.590Z	SUB12449415	JTS09	soil metagenome
SAMN32380290	MIMS Environmental/Metagenome sample from soil metagenome	PRJNA915204	SRR22880616	ToBeReleased	2026-01-01	2022-12-23T06:00:10.066Z	2022-12-23T17:15:20.403Z	SUB12449415	JEP214	soil metagenome
SAMN32380289	MIMS Environmental/Metagenome sample from soil metagenome	PRJNA915204	SRR22880617	ToBeReleased	2026-01-01	2022-12-23T06:00:10.056Z	2022-12-23T17:15:20.220Z	SUB12449415	JEP213	soil metagenome
SAMN32380288	MIMS Environmental/Metagenome sample from soil metagenome	PRJNA915204	SRR22880618	ToBeReleased	2026-01-01	2022-12-23T06:00:10.043Z	2022-12-23T17:15:20.013Z	SUB12449415	JEP212	soil metagenome
SAMN32380287	MIMS Environmental/Metagenome sample from soil metagenome	PRJNA915204	SRR22880619	ToBeReleased	2026-01-01	2022-12-23T06:00:10.033Z	2022-12-23T17:15:19.823Z	SUB12449415	JEP211	soil metagenome
SAMN32380286	MIMS Environmental/Metagenome sample from soil metagenome	PRJNA915204	SRR22880620	ToBeReleased	2026-01-01	2022-12-23T06:00:10.020Z	2022-12-23T17:15:19.626Z	SUB12449415	JEP210	soil metagenome
SAMN32380285	MIMS Environmental/Metagenome sample from soil metagenome	PRJNA915204	SRR22880622	ToBeReleased	2026-01-01	2022-12-23T06:00:09.996Z	2022-12-23T17:15:19.400Z	SUB12449415	JEP209	soil metagenome
SAMN32380316	MIMS Environmental/Metagenome sample from soil metagenome	PRJNA915204	SRR22880626	ToBeReleased	2026-01-01	2022-12-23T06:00:10.393Z	2022-12-23T17:15:19.200Z	SUB12449415	JTS08	soil metagenome
SAMN32380315	MIMS Environmental/Metagenome sample from soil metagenome	PRJNA915204	SRR22880398	ToBeReleased	2026-01-01	2022-12-23T06:00:10.383Z	2022-12-23T17:15:19.006Z	SUB12449415	JTS07	soil metagenome
SAMN32380233	MIMS Environmental/Metagenome sample from soil metagenome	PRJNA915204	SRR22880637	ToBeReleased	2026-01-01	2022-12-23T06:00:09.460Z	2022-12-23T17:15:18.823Z	SUB12449415	JEP157	soil metagenome
SAMN32380225	MIMS Environmental/Metagenome sample from soil metagenome	PRJNA915204		ToBeReleased	2026-01-01	2022-12-23T06:00:09.380Z	2022-12-23T17:15:18.606Z	SUB12449415	JEP149	soil metagenome
SAMN32380224	MIMS Environmental/Metagenome sample from soil metagenome	PRJNA915204		ToBeReleased	2026-01-01	2022-12-23T06:00:09.370Z	2022-12-23T17:15:18.410Z	SUB12449415	JEP148	soil metagenome
SAMN32380219	MIMS Environmental/Metagenome sample from soil metagenome	PRJNA915204	SRR22880641	ToBeReleased	2026-01-01	2022-12-23T06:00:09.320Z	2022-12-23T17:15:18.206Z	SUB12449415	JEP143	soil metagenome
SAMN32380217	MIMS Environmental/Metagenome sample from soil metagenome	PRJNA915204	SRR22880642	ToBeReleased	2026-01-01	2022-12-23T06:00:09.296Z	2022-12-23T17:14:32.116Z	SUB12449415	JEP141	soil metagenome
SAMN32380216	MIMS Environmental/Metagenome sample from soil metagenome	PRJNA915204	SRR22880643	ToBeReleased	2026-01-01	2022-12-23T06:00:09.286Z	2022-12-23T17:14:31.920Z	SUB12449415	JEP140	soil metagenome
SAMN32380116	MIMS Environmental/Metagenome sample from soil metagenome	PRJNA915204	SRR22880604	ToBeReleased	2026-01-01	2022-12-23T06:00:08.010Z	2022-12-23T17:14:31.666Z	SUB12449415	JEP40	soil metagenome
SAMN32380080	MIMS Environmental/Metagenome sample from soil metagenome	PRJNA915204	SRR22880645	ToBeReleased	2026-01-01	2022-12-23T06:00:07.550Z	2022-12-23T17:14:31.460Z	SUB12449415	JEP4	soil metagenome
SAMN32380114	MIMS Environmental/Metagenome sample from soil metagenome	PRJNA915204	SRR22880647	ToBeReleased	2026-01-01	2022-12-23T06:00:07.983Z	2022-12-23T17:14:31.276Z	SUB12449415	JEP38	soil metagenome
SAMN32380112	MIMS Environmental/Metagenome sample from soil metagenome	PRJNA915204	SRR22880649	ToBeReleased	2026-01-01	2022-12-23T06:00:07.960Z	2022-12-23T17:14:30.836Z	SUB12449415	JEP36	soil metagenome
SAMN32380111	MIMS Environmental/Metagenome sample from soil metagenome	PRJNA915204	SRR22880651	ToBeReleased	2026-01-01	2022-12-23T06:00:07.950Z	2022-12-23T17:14:30.643Z	SUB12449415	JEP35	soil metagenome
SAMN32380079	MIMS Environmental/Metagenome sample from soil metagenome	PRJNA915204	SRR22880657	ToBeReleased	2026-01-01	2022-12-23T06:00:07.540Z	2022-12-23T17:14:30.283Z	SUB12449415	JEP3	soil metagenome
SAMN32380223	MIMS Environmental/Metagenome sample from soil metagenome	PRJNA915204		ToBeReleased	2026-01-01	2022-12-23T06:00:09.360Z	2022-12-23T17:14:29.740Z	SUB12449415	JEP147	soil metagenome
SAMN32380221	MIMS Environmental/Metagenome sample from soil metagenome	PRJNA915204	SRR22880662	ToBeReleased	2026-01-01	2022-12-23T06:00:09.340Z	2022-12-23T17:14:28.843Z	SUB12449415	JEP145	soil metagenome
SAMN32380222	MIMS Environmental/Metagenome sample from soil metagenome	PRJNA915204	SRR22880661	ToBeReleased	2026-01-01	2022-12-23T06:00:09.350Z	2022-12-23T17:14:28.336Z	SUB12449415	JEP146	soil metagenome
SAMN32380090	MIMS Environmental/Metagenome sample from soil metagenome	PRJNA915204	SRR22880663	ToBeReleased	2026-01-01	2022-12-23T06:00:07.650Z	2022-12-23T17:14:28.066Z	SUB12449415	JEP14	soil metagenome
SAMN32380089	MIMS Environmental/Metagenome sample from soil metagenome	PRJNA915204	SRR22880664	ToBeReleased	2026-01-01	2022-12-23T06:00:07.640Z	2022-12-23T17:14:27.766Z	SUB12449415	JEP13	soil metagenome
SAMN32380204	MIMS Environmental/Metagenome sample from soil metagenome	PRJNA915204	SRR22880665	ToBeReleased	2026-01-01	2022-12-23T06:00:09.160Z	2022-12-23T17:14:27.050Z	SUB12449415	JEP128	soil metagenome
SAMN32380202	MIMS Environmental/Metagenome sample from soil metagenome	PRJNA915204	SRR22880667	ToBeReleased	2026-01-01	2022-12-23T06:00:09.140Z	2022-12-23T17:14:26.033Z	SUB12449415	JEP126	soil metagenome
SAMN32380200	MIMS Environmental/Metagenome sample from soil metagenome	PRJNA915204	SRR22880669	ToBeReleased	2026-01-01	2022-12-23T06:00:09.116Z	2022-12-23T17:14:25.580Z	SUB12449415	JEP124	soil metagenome
SAMN32380330	MIMS Environmental/Metagenome sample from soil metagenome	PRJNA915204	SRR22880670	ToBeReleased	2026-01-01	2022-12-23T06:00:10.540Z	2022-12-23T17:14:25.180Z	SUB12449415	JTS22	soil metagenome
SAMN32380196	MIMS Environmental/Metagenome sample from soil metagenome	PRJNA915204	SRR22880674	ToBeReleased	2026-01-01	2022-12-23T06:00:09Z	2022-12-23T17:14:24.866Z	SUB12449415	JEP120	soil metagenome
SAMN32380088	MIMS Environmental/Metagenome sample from soil metagenome	PRJNA915204	SRR22880675	ToBeReleased	2026-01-01	2022-12-23T06:00:07.630Z	2022-12-23T17:14:24.530Z	SUB12449415	JEP12	soil metagenome
SAMN32380329	MIMS Environmental/Metagenome sample from soil metagenome	PRJNA915204	SRR22880681	ToBeReleased	2026-01-01	2022-12-23T06:00:10.530Z	2022-12-23T17:14:24.363Z	SUB12449415	JTS21	soil metagenome
SAMN32380311	MIMS Environmental/Metagenome sample from soil metagenome	PRJNA915204	SRR22880682	ToBeReleased	2026-01-01	2022-12-23T06:00:10.343Z	2022-12-23T17:14:24.026Z	SUB12449415	JTS03	soil metagenome
SAMN32380087	MIMS Environmental/Metagenome sample from soil metagenome	PRJNA915204	SRR22880361	ToBeReleased	2026-01-01	2022-12-23T06:00:07.620Z	2022-12-23T17:14:23.780Z	SUB12449415	JEP11	soil metagenome
SAMN32380086	MIMS Environmental/Metagenome sample from soil metagenome	PRJNA915204	SRR22880362	ToBeReleased	2026-01-01	2022-12-23T06:00:07.610Z	2022-12-23T17:14:23.596Z	SUB12449415	JEP10	soil metagenome
SAMN32380077	MIMS Environmental/Metagenome sample from soil metagenome	PRJNA915204	SRR22880363	ToBeReleased	2026-01-01	2022-12-23T06:00:07.500Z	2022-12-23T17:14:23.390Z	SUB12449415	JEP1	soil metagenome
SAMN32380164	MIMS Environmental/Metagenome sample from soil metagenome	PRJNA915204		ToBeReleased	2026-01-01	2022-12-23T06:00:08.570Z	2022-12-23T17:14:23.056Z	SUB12449415	JEP88	soil metagenome
SAMN32380163	MIMS Environmental/Metagenome sample from soil metagenome	PRJNA915204		ToBeReleased	2026-01-01	2022-12-23T06:00:08.556Z	2022-12-23T17:14:22.863Z	SUB12449415	JEP87	soil metagenome
SAMN32380149	MIMS Environmental/Metagenome sample from soil metagenome	PRJNA915204	SRR22880578	ToBeReleased	2026-01-01	2022-12-23T06:00:08.403Z	2022-12-23T17:14:22.646Z	SUB12449415	JEP73	soil metagenome
SAMN32380323	MIMS Environmental/Metagenome sample from soil metagenome	PRJNA915204	SRR22880375	ToBeReleased	2026-01-01	2022-12-23T06:00:10.466Z	2022-12-23T17:14:22.010Z	SUB12449415	JTS15	soil metagenome
SAMN32380155	MIMS Environmental/Metagenome sample from soil metagenome	PRJNA915204	SRR22880571	ToBeReleased	2026-01-01	2022-12-23T06:00:08.470Z	2022-12-23T17:14:21.533Z	SUB12449415	JEP79	soil metagenome
SAMN32380213	MIMS Environmental/Metagenome sample from soil metagenome	PRJNA915204	SRR22880644	ToBeReleased	2026-01-01	2022-12-23T06:00:09.253Z	2022-12-23T17:14:21.183Z	SUB12449415	JEP137	soil metagenome
SAMN32380211	MIMS Environmental/Metagenome sample from soil metagenome	PRJNA915204	SRR22880387	ToBeReleased	2026-01-01	2022-12-23T06:00:09.233Z	2022-12-23T17:14:20.943Z	SUB12449415	JEP135	soil metagenome
SAMN32380235	MIMS Environmental/Metagenome sample from soil metagenome	PRJNA915204	SRR22880636	ToBeReleased	2026-01-01	2022-12-23T06:00:09.483Z	2022-12-23T17:14:20.686Z	SUB12449415	JEP159	soil metagenome
SAMN32380209	MIMS Environmental/Metagenome sample from soil metagenome	PRJNA915204	SRR22880388	ToBeReleased	2026-01-01	2022-12-23T06:00:09.213Z	2022-12-23T17:14:20.393Z	SUB12449415	JEP133	soil metagenome
SAMN32380314	MIMS Environmental/Metagenome sample from soil metagenome	PRJNA915204	SRR22880389	ToBeReleased	2026-01-01	2022-12-23T06:00:10.373Z	2022-12-23T17:14:20.153Z	SUB12449415	JTS06	soil metagenome
SAMN32380206	MIMS Environmental/Metagenome sample from soil metagenome	PRJNA915204	SRR22880390	ToBeReleased	2026-01-01	2022-12-23T06:00:09.180Z	2022-12-23T17:14:19.960Z	SUB12449415	JEP130	soil metagenome
SAMN32380203	MIMS Environmental/Metagenome sample from soil metagenome	PRJNA915204		ToBeReleased	2026-01-01	2022-12-23T06:00:09.150Z	2022-12-23T17:14:19.770Z	SUB12449415	JEP127	soil metagenome
SAMN32380205	MIMS Environmental/Metagenome sample from soil metagenome	PRJNA915204	SRR22880391	ToBeReleased	2026-01-01	2022-12-23T06:00:09.170Z	2022-12-23T17:14:19.593Z	SUB12449415	JEP129	soil metagenome
SAMN32380201	MIMS Environmental/Metagenome sample from soil metagenome	PRJNA915204		ToBeReleased	2026-01-01	2022-12-23T06:00:09.130Z	2022-12-23T17:14:19.370Z	SUB12449415	JEP125	soil metagenome
SAMN32380199	MIMS Environmental/Metagenome sample from soil metagenome	PRJNA915204		ToBeReleased	2026-01-01	2022-12-23T06:00:09.106Z	2022-12-23T17:14:19.200Z	SUB12449415	JEP123	soil metagenome
SAMN32380198	MIMS Environmental/Metagenome sample from soil metagenome	PRJNA915204		ToBeReleased	2026-01-01	2022-12-23T06:00:09.076Z	2022-12-23T17:14:19Z	SUB12449415	JEP122	soil metagenome
SAMN32380197	MIMS Environmental/Metagenome sample from soil metagenome	PRJNA915204		ToBeReleased	2026-01-01	2022-12-23T06:00:09.063Z	2022-12-23T17:14:18.680Z	SUB12449415	JEP121	soil metagenome
SAMN32380195	MIMS Environmental/Metagenome sample from soil metagenome	PRJNA915204		ToBeReleased	2026-01-01	2022-12-23T06:00:08.986Z	2022-12-23T17:14:18.450Z	SUB12449415	JEP119	soil metagenome
SAMN32380313	MIMS Environmental/Metagenome sample from soil metagenome	PRJNA915204	SRR22880401	ToBeReleased	2026-01-01	2022-12-23T06:00:10.363Z	2022-12-23T17:14:01.683Z	SUB12449415	JTS05	soil metagenome
SAMN32380142	MIMS Environmental/Metagenome sample from soil metagenome	PRJNA915204		ToBeReleased	2026-01-01	2022-12-23T06:00:08.310Z	2022-12-23T17:14:01.516Z	SUB12449415	JEP66	soil metagenome
SAMN32380141	MIMS Environmental/Metagenome sample from soil metagenome	PRJNA915204		ToBeReleased	2026-01-01	2022-12-23T06:00:08.296Z	2022-12-23T17:14:01.333Z	SUB12449415	JEP65	soil metagenome
SAMN32380140	MIMS Environmental/Metagenome sample from soil metagenome	PRJNA915204		ToBeReleased	2026-01-01	2022-12-23T06:00:08.286Z	2022-12-23T17:14:01.163Z	SUB12449415	JEP64	soil metagenome
SAMN32380139	MIMS Environmental/Metagenome sample from soil metagenome	PRJNA915204		ToBeReleased	2026-01-01	2022-12-23T06:00:08.266Z	2022-12-23T17:14:00.996Z	SUB12449415	JEP63	soil metagenome
SAMN32380183	MIMS Environmental/Metagenome sample from soil metagenome	PRJNA915204	SRR22880407	ToBeReleased	2026-01-01	2022-12-23T06:00:08.826Z	2022-12-23T17:14:00.736Z	SUB12449415	JEP107	soil metagenome
SAMN32380138	MIMS Environmental/Metagenome sample from soil metagenome	PRJNA915204		ToBeReleased	2026-01-01	2022-12-23T06:00:08.256Z	2022-12-23T17:14:00.570Z	SUB12449415	JEP62	soil metagenome
SAMN32380137	MIMS Environmental/Metagenome sample from soil metagenome	PRJNA915204		ToBeReleased	2026-01-01	2022-12-23T06:00:08.246Z	2022-12-23T17:14:00.400Z	SUB12449415	JEP61	soil metagenome
SAMN32380136	MIMS Environmental/Metagenome sample from soil metagenome	PRJNA915204		ToBeReleased	2026-01-01	2022-12-23T06:00:08.233Z	2022-12-23T17:14:00.243Z	SUB12449415	JEP60	soil metagenome
SAMN32380082	MIMS Environmental/Metagenome sample from soil metagenome	PRJNA915204	SRR22880411	ToBeReleased	2026-01-01	2022-12-23T06:00:07.570Z	2022-12-23T17:14:00.070Z	SUB12449415	JEP6	soil metagenome
SAMN32380135	MIMS Environmental/Metagenome sample from soil metagenome	PRJNA915204		ToBeReleased	2026-01-01	2022-12-23T06:00:08.223Z	2022-12-23T17:13:59.913Z	SUB12449415	JEP59	soil metagenome
SAMN32380328	MIMS Environmental/Metagenome sample from soil metagenome	PRJNA915204	SRR22880369	ToBeReleased	2026-01-01	2022-12-23T06:00:10.520Z	2022-12-23T17:13:59.693Z	SUB12449415	JTS20	soil metagenome
SAMN32380182	MIMS Environmental/Metagenome sample from soil metagenome	PRJNA915204	SRR22880418	ToBeReleased	2026-01-01	2022-12-23T06:00:08.816Z	2022-12-23T17:13:59.536Z	SUB12449415	JEP106	soil metagenome
SAMN32380162	MIMS Environmental/Metagenome sample from soil metagenome	PRJNA915204		ToBeReleased	2026-01-01	2022-12-23T06:00:08.546Z	2022-12-23T17:13:59.380Z	SUB12449415	JEP86	soil metagenome
SAMN32380161	MIMS Environmental/Metagenome sample from soil metagenome	PRJNA915204		ToBeReleased	2026-01-01	2022-12-23T06:00:08.533Z	2022-12-23T17:13:59.213Z	SUB12449415	JEP85	soil metagenome
SAMN32380160	MIMS Environmental/Metagenome sample from soil metagenome	PRJNA915204		ToBeReleased	2026-01-01	2022-12-23T06:00:08.523Z	2022-12-23T17:13:59.053Z	SUB12449415	JEP84	soil metagenome
SAMN32380159	MIMS Environmental/Metagenome sample from soil metagenome	PRJNA915204		ToBeReleased	2026-01-01	2022-12-23T06:00:08.513Z	2022-12-23T17:13:58.820Z	SUB12449415	JEP83	soil metagenome
SAMN32380158	MIMS Environmental/Metagenome sample from soil metagenome	PRJNA915204		ToBeReleased	2026-01-01	2022-12-23T06:00:08.503Z	2022-12-23T17:13:58.653Z	SUB12449415	JEP82	soil metagenome
SAMN32380157	MIMS Environmental/Metagenome sample from soil metagenome	PRJNA915204		ToBeReleased	2026-01-01	2022-12-23T06:00:08.493Z	2022-12-23T17:13:58.493Z	SUB12449415	JEP81	soil metagenome
SAMN32380327	MIMS Environmental/Metagenome sample from soil metagenome	PRJNA915204	SRR22880430	ToBeReleased	2026-01-01	2022-12-23T06:00:10.510Z	2022-12-23T17:13:58.316Z	SUB12449415	JTS19	soil metagenome
SAMN32380194	MIMS Environmental/Metagenome sample from soil metagenome	PRJNA915204		ToBeReleased	2026-01-01	2022-12-23T06:00:08.976Z	2022-12-23T17:13:58.080Z	SUB12449415	JEP118	soil metagenome
SAMN32380193	MIMS Environmental/Metagenome sample from soil metagenome	PRJNA915204		ToBeReleased	2026-01-01	2022-12-23T06:00:08.966Z	2022-12-23T17:13:57.900Z	SUB12449415	JEP117	soil metagenome
SAMN32380192	MIMS Environmental/Metagenome sample from soil metagenome	PRJNA915204		ToBeReleased	2026-01-01	2022-12-23T06:00:08.956Z	2022-12-23T17:13:57.730Z	SUB12449415	JEP116	soil metagenome
SAMN32380191	MIMS Environmental/Metagenome sample from soil metagenome	PRJNA915204		ToBeReleased	2026-01-01	2022-12-23T06:00:08.943Z	2022-12-23T17:13:57.546Z	SUB12449415	JEP115	soil metagenome
SAMN32380322	MIMS Environmental/Metagenome sample from soil metagenome	PRJNA915204	SRR22880386	ToBeReleased	2026-01-01	2022-12-23T06:00:10.456Z	2022-12-23T17:13:57.373Z	SUB12449415	JTS14	soil metagenome
SAMN32380134	MIMS Environmental/Metagenome sample from soil metagenome	PRJNA915204		ToBeReleased	2026-01-01	2022-12-23T06:00:08.213Z	2022-12-23T17:13:57.200Z	SUB12449415	JEP58	soil metagenome
SAMN32380133	MIMS Environmental/Metagenome sample from soil metagenome	PRJNA915204		ToBeReleased	2026-01-01	2022-12-23T06:00:08.200Z	2022-12-23T17:13:57.036Z	SUB12449415	JEP57	soil metagenome
SAMN32380132	MIMS Environmental/Metagenome sample from soil metagenome	PRJNA915204		ToBeReleased	2026-01-01	2022-12-23T06:00:08.190Z	2022-12-23T17:13:56.873Z	SUB12449415	JEP56	soil metagenome
SAMN32380131	MIMS Environmental/Metagenome sample from soil metagenome	PRJNA915204		ToBeReleased	2026-01-01	2022-12-23T06:00:08.176Z	2022-12-23T17:13:56.700Z	SUB12449415	JEP55	soil metagenome
SAMN32380130	MIMS Environmental/Metagenome sample from soil metagenome	PRJNA915204		ToBeReleased	2026-01-01	2022-12-23T06:00:08.163Z	2022-12-23T17:13:56.430Z	SUB12449415	JEP54	soil metagenome
SAMN32380129	MIMS Environmental/Metagenome sample from soil metagenome	PRJNA915204		ToBeReleased	2026-01-01	2022-12-23T06:00:08.150Z	2022-12-23T17:13:56.266Z	SUB12449415	JEP53	soil metagenome
SAMN32380128	MIMS Environmental/Metagenome sample from soil metagenome	PRJNA915204		ToBeReleased	2026-01-01	2022-12-23T06:00:08.140Z	2022-12-23T17:13:55.990Z	SUB12449415	JEP52	soil metagenome
SAMN32380127	MIMS Environmental/Metagenome sample from soil metagenome	PRJNA915204		ToBeReleased	2026-01-01	2022-12-23T06:00:08.130Z	2022-12-23T17:13:55.750Z	SUB12449415	JEP51	soil metagenome
SAMN32380126	MIMS Environmental/Metagenome sample from soil metagenome	PRJNA915204		ToBeReleased	2026-01-01	2022-12-23T06:00:08.120Z	2022-12-23T17:13:55.593Z	SUB12449415	JEP50	soil metagenome
SAMN32380125	MIMS Environmental/Metagenome sample from soil metagenome	PRJNA915204		ToBeReleased	2026-01-01	2022-12-23T06:00:08.110Z	2022-12-23T17:13:55.433Z	SUB12449415	JEP49	soil metagenome
SAMN32380321	MIMS Environmental/Metagenome sample from soil metagenome	PRJNA915204	SRR22880446	ToBeReleased	2026-01-01	2022-12-23T06:00:10.446Z	2022-12-23T17:13:55.260Z	SUB12449415	JTS13	soil metagenome
SAMN32380124	MIMS Environmental/Metagenome sample from soil metagenome	PRJNA915204		ToBeReleased	2026-01-01	2022-12-23T06:00:08.096Z	2022-12-23T17:13:55.093Z	SUB12449415	JEP48	soil metagenome
SAMN32380123	MIMS Environmental/Metagenome sample from soil metagenome	PRJNA915204		ToBeReleased	2026-01-01	2022-12-23T06:00:08.086Z	2022-12-23T17:13:54.940Z	SUB12449415	JEP47	soil metagenome
SAMN32380122	MIMS Environmental/Metagenome sample from soil metagenome	PRJNA915204		ToBeReleased	2026-01-01	2022-12-23T06:00:08.076Z	2022-12-23T17:13:54.760Z	SUB12449415	JEP46	soil metagenome
SAMN32380121	MIMS Environmental/Metagenome sample from soil metagenome	PRJNA915204		ToBeReleased	2026-01-01	2022-12-23T06:00:08.063Z	2022-12-23T17:13:54.490Z	SUB12449415	JEP45	soil metagenome
SAMN32380120	MIMS Environmental/Metagenome sample from soil metagenome	PRJNA915204		ToBeReleased	2026-01-01	2022-12-23T06:00:08.053Z	2022-12-23T17:13:54.323Z	SUB12449415	JEP44	soil metagenome
SAMN32380190	MIMS Environmental/Metagenome sample from soil metagenome	PRJNA915204		ToBeReleased	2026-01-01	2022-12-23T06:00:08.930Z	2022-12-23T17:13:54.163Z	SUB12449415	JEP114	soil metagenome
SAMN32380189	MIMS Environmental/Metagenome sample from soil metagenome	PRJNA915204		ToBeReleased	2026-01-01	2022-12-23T06:00:08.896Z	2022-12-23T17:13:53.953Z	SUB12449415	JEP113	soil metagenome
SAMN32380188	MIMS Environmental/Metagenome sample from soil metagenome	PRJNA915204	SRR22880453	ToBeReleased	2026-01-01	2022-12-23T06:00:08.883Z	2022-12-23T17:13:53.793Z	SUB12449415	JEP112	soil metagenome
SAMN32380187	MIMS Environmental/Metagenome sample from soil metagenome	PRJNA915204	SRR22880454	ToBeReleased	2026-01-01	2022-12-23T06:00:08.870Z	2022-12-23T17:13:53.586Z	SUB12449415	JEP111	soil metagenome
SAMN32380186	MIMS Environmental/Metagenome sample from soil metagenome	PRJNA915204	SRR22880455	ToBeReleased	2026-01-01	2022-12-23T06:00:08.860Z	2022-12-23T17:13:53.426Z	SUB12449415	JEP110	soil metagenome
SAMN32380185	MIMS Environmental/Metagenome sample from soil metagenome	PRJNA915204	SRR22880456	ToBeReleased	2026-01-01	2022-12-23T06:00:08.850Z	2022-12-23T17:13:53.270Z	SUB12449415	JEP109	soil metagenome
SAMN32380085	MIMS Environmental/Metagenome sample from soil metagenome	PRJNA915204	SRR22880457	ToBeReleased	2026-01-01	2022-12-23T06:00:07.600Z	2022-12-23T17:13:53.090Z	SUB12449415	JEP9	soil metagenome
SAMN32380084	MIMS Environmental/Metagenome sample from soil metagenome	PRJNA915204	SRR22880458	ToBeReleased	2026-01-01	2022-12-23T06:00:07.590Z	2022-12-23T17:13:52.916Z	SUB12449415	JEP8	soil metagenome
SAMN32380148	MIMS Environmental/Metagenome sample from soil metagenome	PRJNA915204		ToBeReleased	2026-01-01	2022-12-23T06:00:08.390Z	2022-12-23T17:13:52.733Z	SUB12449415	JEP72	soil metagenome
SAMN32380184	MIMS Environmental/Metagenome sample from soil metagenome	PRJNA915204	SRR22880460	ToBeReleased	2026-01-01	2022-12-23T06:00:08.836Z	2022-12-23T17:13:52.573Z	SUB12449415	JEP108	soil metagenome
SAMN32380147	MIMS Environmental/Metagenome sample from soil metagenome	PRJNA915204		ToBeReleased	2026-01-01	2022-12-23T06:00:08.380Z	2022-12-23T17:13:52.370Z	SUB12449415	JEP71	soil metagenome
SAMN32380146	MIMS Environmental/Metagenome sample from soil metagenome	PRJNA915204		ToBeReleased	2026-01-01	2022-12-23T06:00:08.370Z	2022-12-23T17:13:52.210Z	SUB12449415	JEP70	soil metagenome
SAMN32380083	MIMS Environmental/Metagenome sample from soil metagenome	PRJNA915204	SRR22880463	ToBeReleased	2026-01-01	2022-12-23T06:00:07.580Z	2022-12-23T17:13:52.053Z	SUB12449415	JEP7	soil metagenome
SAMN32380145	MIMS Environmental/Metagenome sample from soil metagenome	PRJNA915204		ToBeReleased	2026-01-01	2022-12-23T06:00:08.356Z	2022-12-23T17:13:51.910Z	SUB12449415	JEP69	soil metagenome
SAMN32380144	MIMS Environmental/Metagenome sample from soil metagenome	PRJNA915204		ToBeReleased	2026-01-01	2022-12-23T06:00:08.346Z	2022-12-23T17:13:51.750Z	SUB12449415	JEP68	soil metagenome
SAMN32380143	MIMS Environmental/Metagenome sample from soil metagenome	PRJNA915204		ToBeReleased	2026-01-01	2022-12-23T06:00:08.336Z	2022-12-23T17:13:51.586Z	SUB12449415	JEP67	soil metagenome
SAMN32380102	MIMS Environmental/Metagenome sample from soil metagenome	PRJNA915204	SRR22880469	ToBeReleased	2026-01-01	2022-12-23T06:00:07.783Z	2022-12-23T17:13:51.416Z	SUB12449415	JEP26	soil metagenome
SAMN32380099	MIMS Environmental/Metagenome sample from soil metagenome	PRJNA915204		ToBeReleased	2026-01-01	2022-12-23T06:00:07.753Z	2022-12-23T17:13:51.263Z	SUB12449415	JEP23	soil metagenome
SAMN32380098	MIMS Environmental/Metagenome sample from soil metagenome	PRJNA915204		ToBeReleased	2026-01-01	2022-12-23T06:00:07.743Z	2022-12-23T17:13:51.096Z	SUB12449415	JEP22	soil metagenome
SAMN32380284	MIMS Environmental/Metagenome sample from soil metagenome	PRJNA915204		ToBeReleased	2026-01-01	2022-12-23T06:00:09.986Z	2022-12-23T17:13:50.923Z	SUB12449415	JEP208	soil metagenome
SAMN32380097	MIMS Environmental/Metagenome sample from soil metagenome	PRJNA915204		ToBeReleased	2026-01-01	2022-12-23T06:00:07.730Z	2022-12-23T17:13:50.710Z	SUB12449415	JEP21	soil metagenome
SAMN32380283	MIMS Environmental/Metagenome sample from soil metagenome	PRJNA915204		ToBeReleased	2026-01-01	2022-12-23T06:00:09.976Z	2022-12-23T17:13:50.546Z	SUB12449415	JEP207	soil metagenome
SAMN32380282	MIMS Environmental/Metagenome sample from soil metagenome	PRJNA915204		ToBeReleased	2026-01-01	2022-12-23T06:00:09.966Z	2022-12-23T17:13:50.380Z	SUB12449415	JEP206	soil metagenome
SAMN32380281	MIMS Environmental/Metagenome sample from soil metagenome	PRJNA915204		ToBeReleased	2026-01-01	2022-12-23T06:00:09.953Z	2022-12-23T17:13:50.206Z	SUB12449415	JEP205	soil metagenome
SAMN32380280	MIMS Environmental/Metagenome sample from soil metagenome	PRJNA915204		ToBeReleased	2026-01-01	2022-12-23T06:00:09.943Z	2022-12-23T17:13:50.040Z	SUB12449415	JEP204	soil metagenome
SAMN32380279	MIMS Environmental/Metagenome sample from soil metagenome	PRJNA915204		ToBeReleased	2026-01-01	2022-12-23T06:00:09.933Z	2022-12-23T17:13:49.876Z	SUB12449415	JEP203	soil metagenome
SAMN32380278	MIMS Environmental/Metagenome sample from soil metagenome	PRJNA915204		ToBeReleased	2026-01-01	2022-12-23T06:00:09.923Z	2022-12-23T17:13:49.703Z	SUB12449415	JEP202	soil metagenome
SAMN32380277	MIMS Environmental/Metagenome sample from soil metagenome	PRJNA915204		ToBeReleased	2026-01-01	2022-12-23T06:00:09.913Z	2022-12-23T17:13:49.526Z	SUB12449415	JEP201	soil metagenome
SAMN32380276	MIMS Environmental/Metagenome sample from soil metagenome	PRJNA915204	SRR22880484	ToBeReleased	2026-01-01	2022-12-23T06:00:09.900Z	2022-12-23T17:13:49.356Z	SUB12449415	JEP200	soil metagenome
SAMN32380096	MIMS Environmental/Metagenome sample from soil metagenome	PRJNA915204		ToBeReleased	2026-01-01	2022-12-23T06:00:07.720Z	2022-12-23T17:13:49.190Z	SUB12449415	JEP20	soil metagenome
SAMN32380078	MIMS Environmental/Metagenome sample from soil metagenome	PRJNA915204	SRR22880486	ToBeReleased	2026-01-01	2022-12-23T06:00:07.526Z	2022-12-23T17:13:49.023Z	SUB12449415	JEP2	soil metagenome
SAMN32380275	MIMS Environmental/Metagenome sample from soil metagenome	PRJNA915204	SRR22880487	ToBeReleased	2026-01-01	2022-12-23T06:00:09.890Z	2022-12-23T17:13:48.856Z	SUB12449415	JEP199	soil metagenome
SAMN32380274	MIMS Environmental/Metagenome sample from soil metagenome	PRJNA915204	SRR22880488	ToBeReleased	2026-01-01	2022-12-23T06:00:09.880Z	2022-12-23T17:13:48.693Z	SUB12449415	JEP198	soil metagenome
SAMN32380273	MIMS Environmental/Metagenome sample from soil metagenome	PRJNA915204	SRR22880489	ToBeReleased	2026-01-01	2022-12-23T06:00:09.870Z	2022-12-23T17:13:48.533Z	SUB12449415	JEP197	soil metagenome
SAMN32380272	MIMS Environmental/Metagenome sample from soil metagenome	PRJNA915204	SRR22880491	ToBeReleased	2026-01-01	2022-12-23T06:00:09.860Z	2022-12-23T17:13:48.370Z	SUB12449415	JEP196	soil metagenome
SAMN32380270	MIMS Environmental/Metagenome sample from soil metagenome	PRJNA915204	SRR22880492	ToBeReleased	2026-01-01	2022-12-23T06:00:09.840Z	2022-12-23T17:13:48.200Z	SUB12449415	JEP194	soil metagenome
SAMN32380269	MIMS Environmental/Metagenome sample from soil metagenome	PRJNA915204	SRR22880494	ToBeReleased	2026-01-01	2022-12-23T06:00:09.830Z	2022-12-23T17:13:48.033Z	SUB12449415	JEP193	soil metagenome
SAMN32380271	MIMS Environmental/Metagenome sample from soil metagenome	PRJNA915204	SRR22880493	ToBeReleased	2026-01-01	2022-12-23T06:00:09.853Z	2022-12-23T17:13:47.853Z	SUB12449415	JEP195	soil metagenome
SAMN32380095	MIMS Environmental/Metagenome sample from soil metagenome	PRJNA915204		ToBeReleased	2026-01-01	2022-12-23T06:00:07.710Z	2022-12-23T17:13:47.663Z	SUB12449415	JEP19	soil metagenome
SAMN32380260	MIMS Environmental/Metagenome sample from soil metagenome	PRJNA915204	SRR22880496	ToBeReleased	2026-01-01	2022-12-23T06:00:09.740Z	2022-12-23T17:13:47.466Z	SUB12449415	JEP184	soil metagenome
SAMN32380259	MIMS Environmental/Metagenome sample from soil metagenome	PRJNA915204	SRR22880497	ToBeReleased	2026-01-01	2022-12-23T06:00:09.730Z	2022-12-23T17:13:47.270Z	SUB12449415	JEP183	soil metagenome
SAMN32380258	MIMS Environmental/Metagenome sample from soil metagenome	PRJNA915204	SRR22880498	ToBeReleased	2026-01-01	2022-12-23T06:00:09.720Z	2022-12-23T17:13:47.040Z	SUB12449415	JEP182	soil metagenome
SAMN32380257	MIMS Environmental/Metagenome sample from soil metagenome	PRJNA915204	SRR22880499	ToBeReleased	2026-01-01	2022-12-23T06:00:09.710Z	2022-12-23T17:13:46.820Z	SUB12449415	JEP181	soil metagenome
SAMN32380256	MIMS Environmental/Metagenome sample from soil metagenome	PRJNA915204	SRR22880500	ToBeReleased	2026-01-01	2022-12-23T06:00:09.700Z	2022-12-23T17:13:46.633Z	SUB12449415	JEP180	soil metagenome
SAMN32380094	MIMS Environmental/Metagenome sample from soil metagenome	PRJNA915204		ToBeReleased	2026-01-01	2022-12-23T06:00:07.696Z	2022-12-23T17:13:46.470Z	SUB12449415	JEP18	soil metagenome
SAMN32380255	MIMS Environmental/Metagenome sample from soil metagenome	PRJNA915204	SRR22880545	ToBeReleased	2026-01-01	2022-12-23T06:00:09.690Z	2022-12-23T17:13:46.290Z	SUB12449415	JEP179	soil metagenome
SAMN32380254	MIMS Environmental/Metagenome sample from soil metagenome	PRJNA915204	SRR22880503	ToBeReleased	2026-01-01	2022-12-23T06:00:09.680Z	2022-12-23T17:13:46.116Z	SUB12449415	JEP178	soil metagenome
SAMN32380253	MIMS Environmental/Metagenome sample from soil metagenome	PRJNA915204	SRR22880504	ToBeReleased	2026-01-01	2022-12-23T06:00:09.666Z	2022-12-23T17:13:45.926Z	SUB12449415	JEP177	soil metagenome
SAMN32380093	MIMS Environmental/Metagenome sample from soil metagenome	PRJNA915204		ToBeReleased	2026-01-01	2022-12-23T06:00:07.686Z	2022-12-23T17:13:45.723Z	SUB12449415	JEP17	soil metagenome
SAMN32380244	MIMS Environmental/Metagenome sample from soil metagenome	PRJNA915204	SRR22880506	ToBeReleased	2026-01-01	2022-12-23T06:00:09.570Z	2022-12-23T17:13:45.546Z	SUB12449415	JEP168	soil metagenome
SAMN32380180	MIMS Environmental/Metagenome sample from soil metagenome	PRJNA915204		ToBeReleased	2026-01-01	2022-12-23T06:00:08.796Z	2022-12-23T17:13:45.323Z	SUB12449415	JEP104	soil metagenome
SAMN32380179	MIMS Environmental/Metagenome sample from soil metagenome	PRJNA915204		ToBeReleased	2026-01-01	2022-12-23T06:00:08.783Z	2022-12-23T17:13:45.166Z	SUB12449415	JEP103	soil metagenome
SAMN32380178	MIMS Environmental/Metagenome sample from soil metagenome	PRJNA915204		ToBeReleased	2026-01-01	2022-12-23T06:00:08.753Z	2022-12-23T17:13:44.990Z	SUB12449415	JEP102	soil metagenome
SAMN32380176	MIMS Environmental/Metagenome sample from soil metagenome	PRJNA915204		ToBeReleased	2026-01-01	2022-12-23T06:00:08.730Z	2022-12-23T17:13:44.816Z	SUB12449415	JEP100	soil metagenome
SAMN32380177	MIMS Environmental/Metagenome sample from soil metagenome	PRJNA915204		ToBeReleased	2026-01-01	2022-12-23T06:00:08.743Z	2022-12-23T17:13:44.513Z	SUB12449415	JEP101	soil metagenome
SAMN32380175	MIMS Environmental/Metagenome sample from soil metagenome	PRJNA915204		ToBeReleased	2026-01-01	2022-12-23T06:00:08.720Z	2022-12-23T17:13:44.350Z	SUB12449415	JEP99	soil metagenome
SAMN32380326	MIMS Environmental/Metagenome sample from soil metagenome	PRJNA915204	SRR22880513	ToBeReleased	2026-01-01	2022-12-23T06:00:10.500Z	2022-12-23T17:13:44.193Z	SUB12449415	JTS18	soil metagenome
SAMN32380173	MIMS Environmental/Metagenome sample from soil metagenome	PRJNA915204		ToBeReleased	2026-01-01	2022-12-23T06:00:08.690Z	2022-12-23T17:13:43.966Z	SUB12449415	JEP97	soil metagenome
SAMN32380174	MIMS Environmental/Metagenome sample from soil metagenome	PRJNA915204		ToBeReleased	2026-01-01	2022-12-23T06:00:08.706Z	2022-12-23T17:13:43.806Z	SUB12449415	JEP98	soil metagenome
SAMN32380172	MIMS Environmental/Metagenome sample from soil metagenome	PRJNA915204	SRR22880516	ToBeReleased	2026-01-01	2022-12-23T06:00:08.656Z	2022-12-23T17:13:43.563Z	SUB12449415	JEP96	soil metagenome
SAMN32380171	MIMS Environmental/Metagenome sample from soil metagenome	PRJNA915204	SRR22880517	ToBeReleased	2026-01-01	2022-12-23T06:00:08.646Z	2022-12-23T17:13:43.386Z	SUB12449415	JEP95	soil metagenome
SAMN32380170	MIMS Environmental/Metagenome sample from soil metagenome	PRJNA915204	SRR22880518	ToBeReleased	2026-01-01	2022-12-23T06:00:08.633Z	2022-12-23T17:13:43.210Z	SUB12449415	JEP94	soil metagenome
SAMN32380169	MIMS Environmental/Metagenome sample from soil metagenome	PRJNA915204	SRR22880519	ToBeReleased	2026-01-01	2022-12-23T06:00:08.623Z	2022-12-23T17:13:43.026Z	SUB12449415	JEP93	soil metagenome
SAMN32380168	MIMS Environmental/Metagenome sample from soil metagenome	PRJNA915204	SRR22880520	ToBeReleased	2026-01-01	2022-12-23T06:00:08.613Z	2022-12-23T17:13:42.863Z	SUB12449415	JEP92	soil metagenome
SAMN32380167	MIMS Environmental/Metagenome sample from soil metagenome	PRJNA915204	SRR22880521	ToBeReleased	2026-01-01	2022-12-23T06:00:08.603Z	2022-12-23T17:13:42.643Z	SUB12449415	JEP91	soil metagenome
SAMN32380166	MIMS Environmental/Metagenome sample from soil metagenome	PRJNA915204	SRR22880522	ToBeReleased	2026-01-01	2022-12-23T06:00:08.590Z	2022-12-23T17:13:42.483Z	SUB12449415	JEP90	soil metagenome
SAMN32380165	MIMS Environmental/Metagenome sample from soil metagenome	PRJNA915204	SRR22880523	ToBeReleased	2026-01-01	2022-12-23T06:00:08.580Z	2022-12-23T17:13:42.320Z	SUB12449415	JEP89	soil metagenome
SAMN32380119	MIMS Environmental/Metagenome sample from soil metagenome	PRJNA915204		ToBeReleased	2026-01-01	2022-12-23T06:00:08.043Z	2022-12-23T17:13:42.153Z	SUB12449415	JEP43	soil metagenome
SAMN32380118	MIMS Environmental/Metagenome sample from soil metagenome	PRJNA915204		ToBeReleased	2026-01-01	2022-12-23T06:00:08.030Z	2022-12-23T17:13:41.966Z	SUB12449415	JEP42	soil metagenome
SAMN32380117	MIMS Environmental/Metagenome sample from soil metagenome	PRJNA915204		ToBeReleased	2026-01-01	2022-12-23T06:00:08.020Z	2022-12-23T17:13:41.790Z	SUB12449415	JEP41	soil metagenome
SAMN32380115	MIMS Environmental/Metagenome sample from soil metagenome	PRJNA915204		ToBeReleased	2026-01-01	2022-12-23T06:00:08Z	2022-12-23T17:13:41.610Z	SUB12449415	JEP39	soil metagenome
SAMN32380113	MIMS Environmental/Metagenome sample from soil metagenome	PRJNA915204		ToBeReleased	2026-01-01	2022-12-23T06:00:07.973Z	2022-12-23T17:13:41.336Z	SUB12449415	JEP37	soil metagenome
SAMN32380320	MIMS Environmental/Metagenome sample from soil metagenome	PRJNA915204	SRR22880529	ToBeReleased	2026-01-01	2022-12-23T06:00:10.436Z	2022-12-23T17:13:41.136Z	SUB12449415	JTS12	soil metagenome
SAMN32380110	MIMS Environmental/Metagenome sample from soil metagenome	PRJNA915204		ToBeReleased	2026-01-01	2022-12-23T06:00:07.940Z	2022-12-23T17:13:40.890Z	SUB12449415	JEP34	soil metagenome
SAMN32380109	MIMS Environmental/Metagenome sample from soil metagenome	PRJNA915204		ToBeReleased	2026-01-01	2022-12-23T06:00:07.906Z	2022-12-23T17:13:40.690Z	SUB12449415	JEP33	soil metagenome
SAMN32380108	MIMS Environmental/Metagenome sample from soil metagenome	PRJNA915204		ToBeReleased	2026-01-01	2022-12-23T06:00:07.896Z	2022-12-23T17:13:40.516Z	SUB12449415	JEP32	soil metagenome
SAMN32380107	MIMS Environmental/Metagenome sample from soil metagenome	PRJNA915204		ToBeReleased	2026-01-01	2022-12-23T06:00:07.883Z	2022-12-23T17:13:40.316Z	SUB12449415	JEP31	soil metagenome
SAMN32380106	MIMS Environmental/Metagenome sample from soil metagenome	PRJNA915204		ToBeReleased	2026-01-01	2022-12-23T06:00:07.873Z	2022-12-23T17:13:40.100Z	SUB12449415	JEP30	soil metagenome
SAMN32380105	MIMS Environmental/Metagenome sample from soil metagenome	PRJNA915204		ToBeReleased	2026-01-01	2022-12-23T06:00:07.850Z	2022-12-23T17:13:39.923Z	SUB12449415	JEP29	soil metagenome
SAMN32380104	MIMS Environmental/Metagenome sample from soil metagenome	PRJNA915204		ToBeReleased	2026-01-01	2022-12-23T06:00:07.810Z	2022-12-23T17:13:39.743Z	SUB12449415	JEP28	soil metagenome
SAMN32380103	MIMS Environmental/Metagenome sample from soil metagenome	PRJNA915204		ToBeReleased	2026-01-01	2022-12-23T06:00:07.800Z	2022-12-23T17:13:39.543Z	SUB12449415	JEP27	soil metagenome
SAMN32380101	MIMS Environmental/Metagenome sample from soil metagenome	PRJNA915204		ToBeReleased	2026-01-01	2022-12-23T06:00:07.773Z	2022-12-23T17:13:39.243Z	SUB12449415	JEP25	soil metagenome
SAMN32380100	MIMS Environmental/Metagenome sample from soil metagenome	PRJNA915204		ToBeReleased	2026-01-01	2022-12-23T06:00:07.763Z	2022-12-23T17:13:39.006Z	SUB12449415	JEP24	soil metagenome
SAMN32380319	MIMS Environmental/Metagenome sample from soil metagenome	PRJNA915204	SRR22880540	ToBeReleased	2026-01-01	2022-12-23T06:00:10.423Z	2022-12-23T17:13:38.800Z	SUB12449415	JTS11	soil metagenome
SAMN32380310	MIMS Environmental/Metagenome sample from soil metagenome	PRJNA915204	SRR22880541	ToBeReleased	2026-01-01	2022-12-23T06:00:10.333Z	2022-12-23T17:13:38.540Z	SUB12449415	JTS02	soil metagenome
SAMN32380309	MIMS Environmental/Metagenome sample from soil metagenome	PRJNA915204	SRR22880542	ToBeReleased	2026-01-01	2022-12-23T06:00:10.323Z	2022-12-23T17:13:38.306Z	SUB12449415	JTS01	soil metagenome
SAMN32380268	MIMS Environmental/Metagenome sample from soil metagenome	PRJNA915204		ToBeReleased	2026-01-01	2022-12-23T06:00:09.823Z	2022-12-23T16:12:09.523Z	SUB12449415	JEP192	soil metagenome
SAMN32380267	MIMS Environmental/Metagenome sample from soil metagenome	PRJNA915204		ToBeReleased	2026-01-01	2022-12-23T06:00:09.813Z	2022-12-23T16:12:09.506Z	SUB12449415	JEP191	soil metagenome
SAMN32380266	MIMS Environmental/Metagenome sample from soil metagenome	PRJNA915204		ToBeReleased	2026-01-01	2022-12-23T06:00:09.803Z	2022-12-23T16:12:09.490Z	SUB12449415	JEP190	soil metagenome
SAMN32380265	MIMS Environmental/Metagenome sample from soil metagenome	PRJNA915204		ToBeReleased	2026-01-01	2022-12-23T06:00:09.793Z	2022-12-23T16:12:09.476Z	SUB12449415	JEP189	soil metagenome
SAMN32380264	MIMS Environmental/Metagenome sample from soil metagenome	PRJNA915204		ToBeReleased	2026-01-01	2022-12-23T06:00:09.783Z	2022-12-23T16:12:09.463Z	SUB12449415	JEP188	soil metagenome
SAMN32380263	MIMS Environmental/Metagenome sample from soil metagenome	PRJNA915204		ToBeReleased	2026-01-01	2022-12-23T06:00:09.770Z	2022-12-23T16:12:09.446Z	SUB12449415	JEP187	soil metagenome
SAMN32380262	MIMS Environmental/Metagenome sample from soil metagenome	PRJNA915204		ToBeReleased	2026-01-01	2022-12-23T06:00:09.763Z	2022-12-23T16:12:09.433Z	SUB12449415	JEP186	soil metagenome
SAMN32380261	MIMS Environmental/Metagenome sample from soil metagenome	PRJNA915204		ToBeReleased	2026-01-01	2022-12-23T06:00:09.750Z	2022-12-23T16:12:09.416Z	SUB12449415	JEP185	soil metagenome
SAMN32380252	MIMS Environmental/Metagenome sample from soil metagenome	PRJNA915204		ToBeReleased	2026-01-01	2022-12-23T06:00:09.656Z	2022-12-23T16:12:09.280Z	SUB12449415	JEP176	soil metagenome
SAMN32380251	MIMS Environmental/Metagenome sample from soil metagenome	PRJNA915204		ToBeReleased	2026-01-01	2022-12-23T06:00:09.643Z	2022-12-23T16:12:09.263Z	SUB12449415	JEP175	soil metagenome
SAMN32380250	MIMS Environmental/Metagenome sample from soil metagenome	PRJNA915204		ToBeReleased	2026-01-01	2022-12-23T06:00:09.633Z	2022-12-23T16:12:09.250Z	SUB12449415	JEP174	soil metagenome
SAMN32380249	MIMS Environmental/Metagenome sample from soil metagenome	PRJNA915204		ToBeReleased	2026-01-01	2022-12-23T06:00:09.623Z	2022-12-23T16:12:09.233Z	SUB12449415	JEP173	soil metagenome
SAMN32380248	MIMS Environmental/Metagenome sample from soil metagenome	PRJNA915204		ToBeReleased	2026-01-01	2022-12-23T06:00:09.610Z	2022-12-23T16:12:09.220Z	SUB12449415	JEP172	soil metagenome
SAMN32380247	MIMS Environmental/Metagenome sample from soil metagenome	PRJNA915204		ToBeReleased	2026-01-01	2022-12-23T06:00:09.600Z	2022-12-23T16:12:09.203Z	SUB12449415	JEP171	soil metagenome
SAMN32380246	MIMS Environmental/Metagenome sample from soil metagenome	PRJNA915204		ToBeReleased	2026-01-01	2022-12-23T06:00:09.590Z	2022-12-23T16:12:09.186Z	SUB12449415	JEP170	soil metagenome
SAMN32380245	MIMS Environmental/Metagenome sample from soil metagenome	PRJNA915204		ToBeReleased	2026-01-01	2022-12-23T06:00:09.580Z	2022-12-23T16:12:09.170Z	SUB12449415	JEP169	soil metagenome
SAMN32380236	MIMS Environmental/Metagenome sample from soil metagenome	PRJNA915204		ToBeReleased	2026-01-01	2022-12-23T06:00:09.493Z	2022-12-23T16:12:09.030Z	SUB12449415	JEP160	soil metagenome
SAMN32380234	MIMS Environmental/Metagenome sample from soil metagenome	PRJNA915204		ToBeReleased	2026-01-01	2022-12-23T06:00:09.470Z	2022-12-23T16:12:09Z	SUB12449415	JEP158	soil metagenome
SAMN32380232	MIMS Environmental/Metagenome sample from soil metagenome	PRJNA915204		ToBeReleased	2026-01-01	2022-12-23T06:00:09.450Z	2022-12-23T16:12:08.970Z	SUB12449415	JEP156	soil metagenome
SAMN32380231	MIMS Environmental/Metagenome sample from soil metagenome	PRJNA915204		ToBeReleased	2026-01-01	2022-12-23T06:00:09.440Z	2022-12-23T16:12:08.956Z	SUB12449415	JEP155	soil metagenome
SAMN32380230	MIMS Environmental/Metagenome sample from soil metagenome	PRJNA915204		ToBeReleased	2026-01-01	2022-12-23T06:00:09.430Z	2022-12-23T16:12:08.940Z	SUB12449415	JEP154	soil metagenome
SAMN32380229	MIMS Environmental/Metagenome sample from soil metagenome	PRJNA915204		ToBeReleased	2026-01-01	2022-12-23T06:00:09.420Z	2022-12-23T16:12:08.926Z	SUB12449415	JEP153	soil metagenome
SAMN32380220	MIMS Environmental/Metagenome sample from soil metagenome	PRJNA915204		ToBeReleased	2026-01-01	2022-12-23T06:00:09.330Z	2022-12-23T16:12:08.783Z	SUB12449415	JEP144	soil metagenome
SAMN32380218	MIMS Environmental/Metagenome sample from soil metagenome	PRJNA915204		ToBeReleased	2026-01-01	2022-12-23T06:00:09.306Z	2022-12-23T16:12:08.756Z	SUB12449415	JEP142	soil metagenome
SAMN32380215	MIMS Environmental/Metagenome sample from soil metagenome	PRJNA915204		ToBeReleased	2026-01-01	2022-12-23T06:00:09.276Z	2022-12-23T16:12:08.710Z	SUB12449415	JEP139	soil metagenome
SAMN32380214	MIMS Environmental/Metagenome sample from soil metagenome	PRJNA915204		ToBeReleased	2026-01-01	2022-12-23T06:00:09.263Z	2022-12-23T16:12:08.696Z	SUB12449415	JEP138	soil metagenome
SAMN32380212	MIMS Environmental/Metagenome sample from soil metagenome	PRJNA915204		ToBeReleased	2026-01-01	2022-12-23T06:00:09.243Z	2022-12-23T16:12:08.666Z	SUB12449415	JEP136	soil metagenome
SAMN32380210	MIMS Environmental/Metagenome sample from soil metagenome	PRJNA915204		ToBeReleased	2026-01-01	2022-12-23T06:00:09.223Z	2022-12-23T16:12:08.636Z	SUB12449415	JEP134	soil metagenome
SAMN32380208	MIMS Environmental/Metagenome sample from soil metagenome	PRJNA915204		ToBeReleased	2026-01-01	2022-12-23T06:00:09.200Z	2022-12-23T16:12:08.610Z	SUB12449415	JEP132	soil metagenome
SAMN32380207	MIMS Environmental/Metagenome sample from soil metagenome	PRJNA915204		ToBeReleased	2026-01-01	2022-12-23T06:00:09.190Z	2022-12-23T16:12:08.593Z	SUB12449415	JEP131	soil metagenome
