SampleID	Template	SoilID	Accession	FWD	RVS	Description
JA257	JVN001	JEP1	SAMN32380077	JA257_FWD.fastq.gz	JA257_RVS.fastq.gz	Amplification of the 16S V4 region with universal primers 515F and 806R on DNA extracted from fresh soils
JA258	JVN002	JEP2	SAMN32380078	JA258_FWD.fastq.gz	JA258_RVS.fastq.gz	Amplification of the 16S V4 region with universal primers 515F and 806R on DNA extracted from fresh soils
JA259	JVN003	JEP3	SAMN32380079	JA259_FWD.fastq.gz	JA259_RVS.fastq.gz	Amplification of the 16S V4 region with universal primers 515F and 806R on DNA extracted from fresh soils
JA260	JVN004	JEP4	SAMN32380080	JA260_FWD.fastq.gz	JA260_RVS.fastq.gz	Amplification of the 16S V4 region with universal primers 515F and 806R on DNA extracted from fresh soils
JA261	JVN005	JEP5	SAMN32380081	JA261_FWD.fastq.gz	JA261_RVS.fastq.gz	Amplification of the 16S V4 region with universal primers 515F and 806R on DNA extracted from fresh soils
JA262	JVN006	JEP6	SAMN32380082	JA262_FWD.fastq.gz	JA262_RVS.fastq.gz	Amplification of the 16S V4 region with universal primers 515F and 806R on DNA extracted from fresh soils
JA263	JVN007	JEP7	SAMN32380083	JA263_FWD.fastq.gz	JA263_RVS.fastq.gz	Amplification of the 16S V4 region with universal primers 515F and 806R on DNA extracted from fresh soils
JA264	JVN008	JEP8	SAMN32380084	JA264_FWD.fastq.gz	JA264_RVS.fastq.gz	Amplification of the 16S V4 region with universal primers 515F and 806R on DNA extracted from fresh soils
JA265	JVN009	JEP9	SAMN32380085	JA265_FWD.fastq.gz	JA265_RVS.fastq.gz	Amplification of the 16S V4 region with universal primers 515F and 806R on DNA extracted from fresh soils
JA266	JVN010	JEP10	SAMN32380086	JA266_FWD.fastq.gz	JA266_RVS.fastq.gz	Amplification of the 16S V4 region with universal primers 515F and 806R on DNA extracted from fresh soils
JA267	JVN011	JEP11	SAMN32380087	JA267_FWD.fastq.gz	JA267_RVS.fastq.gz	Amplification of the 16S V4 region with universal primers 515F and 806R on DNA extracted from fresh soils
JA268	JVN012	JEP12	SAMN32380088	JA268_FWD.fastq.gz	JA268_RVS.fastq.gz	Amplification of the 16S V4 region with universal primers 515F and 806R on DNA extracted from fresh soils
JA269	JVN013	JEP13	SAMN32380089	JA269_FWD.fastq.gz	JA269_RVS.fastq.gz	Amplification of the 16S V4 region with universal primers 515F and 806R on DNA extracted from fresh soils
JA270	JVN014	JEP14	SAMN32380090	JA270_FWD.fastq.gz	JA270_RVS.fastq.gz	Amplification of the 16S V4 region with universal primers 515F and 806R on DNA extracted from fresh soils
JA271	JVN015	JEP15	SAMN32380091	JA271_FWD.fastq.gz	JA271_RVS.fastq.gz	Amplification of the 16S V4 region with universal primers 515F and 806R on DNA extracted from fresh soils
JA272	JVN016	JEP16	SAMN32380092	JA272_FWD.fastq.gz	JA272_RVS.fastq.gz	Amplification of the 16S V4 region with universal primers 515F and 806R on DNA extracted from fresh soils
JA273	JVN017	JEP17	SAMN32380093	JA273_FWD.fastq.gz	JA273_RVS.fastq.gz	Amplification of the 16S V4 region with universal primers 515F and 806R on DNA extracted from fresh soils
JA274	JVN018	JEP18	SAMN32380094	JA274_FWD.fastq.gz	JA274_RVS.fastq.gz	Amplification of the 16S V4 region with universal primers 515F and 806R on DNA extracted from fresh soils
JA275	JVN019	JEP19	SAMN32380095	JA275_FWD.fastq.gz	JA275_RVS.fastq.gz	Amplification of the 16S V4 region with universal primers 515F and 806R on DNA extracted from fresh soils
JA276	JVN020	JEP20	SAMN32380096	JA276_FWD.fastq.gz	JA276_RVS.fastq.gz	Amplification of the 16S V4 region with universal primers 515F and 806R on DNA extracted from fresh soils
JA277	JVN021	JEP21	SAMN32380097	JA277_FWD.fastq.gz	JA277_RVS.fastq.gz	Amplification of the 16S V4 region with universal primers 515F and 806R on DNA extracted from fresh soils
JA278	JVN022	JEP22	SAMN32380098	JA278_FWD.fastq.gz	JA278_RVS.fastq.gz	Amplification of the 16S V4 region with universal primers 515F and 806R on DNA extracted from fresh soils
JA279	JVN023	JEP23	SAMN32380099	JA279_FWD.fastq.gz	JA279_RVS.fastq.gz	Amplification of the 16S V4 region with universal primers 515F and 806R on DNA extracted from fresh soils
JA280	JVN024	JEP24	SAMN32380100	JA280_FWD.fastq.gz	JA280_RVS.fastq.gz	Amplification of the 16S V4 region with universal primers 515F and 806R on DNA extracted from fresh soils
JA281	JVN025	JEP25	SAMN32380101	JA281_FWD.fastq.gz	JA281_RVS.fastq.gz	Amplification of the 16S V4 region with universal primers 515F and 806R on DNA extracted from fresh soils
JA282	JVN026	JEP26	SAMN32380102	JA282_FWD.fastq.gz	JA282_RVS.fastq.gz	Amplification of the 16S V4 region with universal primers 515F and 806R on DNA extracted from fresh soils
JA283	JVN027	JEP27	SAMN32380103	JA283_FWD.fastq.gz	JA283_RVS.fastq.gz	Amplification of the 16S V4 region with universal primers 515F and 806R on DNA extracted from fresh soils
JA284	JVN028	JEP28	SAMN32380104	JA284_FWD.fastq.gz	JA284_RVS.fastq.gz	Amplification of the 16S V4 region with universal primers 515F and 806R on DNA extracted from fresh soils
JA285	JVN029	JEP29	SAMN32380105	JA285_FWD.fastq.gz	JA285_RVS.fastq.gz	Amplification of the 16S V4 region with universal primers 515F and 806R on DNA extracted from fresh soils
JA286	JVN030	JEP30	SAMN32380106	JA286_FWD.fastq.gz	JA286_RVS.fastq.gz	Amplification of the 16S V4 region with universal primers 515F and 806R on DNA extracted from fresh soils
JA287	JVN031	JEP31	SAMN32380107	JA287_FWD.fastq.gz	JA287_RVS.fastq.gz	Amplification of the 16S V4 region with universal primers 515F and 806R on DNA extracted from fresh soils
JA288	JVN032	JEP32	SAMN32380108	JA288_FWD.fastq.gz	JA288_RVS.fastq.gz	Amplification of the 16S V4 region with universal primers 515F and 806R on DNA extracted from fresh soils
JA289	JVN033	JEP33	SAMN32380109	JA289_FWD.fastq.gz	JA289_RVS.fastq.gz	Amplification of the 16S V4 region with universal primers 515F and 806R on DNA extracted from fresh soils
JA290	JVN034	JEP34	SAMN32380110	JA290_FWD.fastq.gz	JA290_RVS.fastq.gz	Amplification of the 16S V4 region with universal primers 515F and 806R on DNA extracted from fresh soils
JA291	JVN035	JEP35	SAMN32380111	JA291_FWD.fastq.gz	JA291_RVS.fastq.gz	Amplification of the 16S V4 region with universal primers 515F and 806R on DNA extracted from fresh soils
JA292	JVN036	JEP36	SAMN32380112	JA292_FWD.fastq.gz	JA292_RVS.fastq.gz	Amplification of the 16S V4 region with universal primers 515F and 806R on DNA extracted from fresh soils
JA293	JVN037	JEP37	SAMN32380113	JA293_FWD.fastq.gz	JA293_RVS.fastq.gz	Amplification of the 16S V4 region with universal primers 515F and 806R on DNA extracted from fresh soils
JA294	JVN038	JEP38	SAMN32380114	JA294_FWD.fastq.gz	JA294_RVS.fastq.gz	Amplification of the 16S V4 region with universal primers 515F and 806R on DNA extracted from fresh soils
JA514	JVN039	JEP39	SAMN32380115	JA514_FWD.fastq.gz	JA514_RVS.fastq.gz	Amplification of the 16S V4 region with universal primers 515F and 806R on DNA extracted from fresh soils
JA296	JVN040	JEP40	SAMN32380116	JA296_FWD.fastq.gz	JA296_RVS.fastq.gz	Amplification of the 16S V4 region with universal primers 515F and 806R on DNA extracted from fresh soils
JA297	JVN041	JEP41	SAMN32380117	JA297_FWD.fastq.gz	JA297_RVS.fastq.gz	Amplification of the 16S V4 region with universal primers 515F and 806R on DNA extracted from fresh soils
JA298	JVN042	JEP42	SAMN32380118	JA298_FWD.fastq.gz	JA298_RVS.fastq.gz	Amplification of the 16S V4 region with universal primers 515F and 806R on DNA extracted from fresh soils
JA300	JVN044	JEP44	SAMN32380120	JA300_FWD.fastq.gz	JA300_RVS.fastq.gz	Amplification of the 16S V4 region with universal primers 515F and 806R on DNA extracted from fresh soils
JA301	JVN045	JEP45	SAMN32380121	JA301_FWD.fastq.gz	JA301_RVS.fastq.gz	Amplification of the 16S V4 region with universal primers 515F and 806R on DNA extracted from fresh soils
JA302	JVN046	JEP46	SAMN32380122	JA302_FWD.fastq.gz	JA302_RVS.fastq.gz	Amplification of the 16S V4 region with universal primers 515F and 806R on DNA extracted from fresh soils
JA303	JVN047	JEP47	SAMN32380123	JA303_FWD.fastq.gz	JA303_RVS.fastq.gz	Amplification of the 16S V4 region with universal primers 515F and 806R on DNA extracted from fresh soils
JA304	JVN048	JEP48	SAMN32380124	JA304_FWD.fastq.gz	JA304_RVS.fastq.gz	Amplification of the 16S V4 region with universal primers 515F and 806R on DNA extracted from fresh soils
JA306	JVN050	JEP50	SAMN32380126	JA306_FWD.fastq.gz	JA306_RVS.fastq.gz	Amplification of the 16S V4 region with universal primers 515F and 806R on DNA extracted from fresh soils
JA307	JVN051	JEP51	SAMN32380127	JA307_FWD.fastq.gz	JA307_RVS.fastq.gz	Amplification of the 16S V4 region with universal primers 515F and 806R on DNA extracted from fresh soils
JA308	JVN052	JEP52	SAMN32380128	JA308_FWD.fastq.gz	JA308_RVS.fastq.gz	Amplification of the 16S V4 region with universal primers 515F and 806R on DNA extracted from fresh soils
JA309	JVN053	JEP53	SAMN32380129	JA309_FWD.fastq.gz	JA309_RVS.fastq.gz	Amplification of the 16S V4 region with universal primers 515F and 806R on DNA extracted from fresh soils
JA310	JVN054	JEP54	SAMN32380130	JA310_FWD.fastq.gz	JA310_RVS.fastq.gz	Amplification of the 16S V4 region with universal primers 515F and 806R on DNA extracted from fresh soils
JA517	JVN055	JEP55	SAMN32380131	JA517_FWD.fastq.gz	JA517_RVS.fastq.gz	Amplification of the 16S V4 region with universal primers 515F and 806R on DNA extracted from fresh soils
JA312	JVN056	JEP56	SAMN32380132	JA312_FWD.fastq.gz	JA312_RVS.fastq.gz	Amplification of the 16S V4 region with universal primers 515F and 806R on DNA extracted from fresh soils
JA313	JVN057	JEP57	SAMN32380133	JA313_FWD.fastq.gz	JA313_RVS.fastq.gz	Amplification of the 16S V4 region with universal primers 515F and 806R on DNA extracted from fresh soils
JA314	JVN058	JEP58	SAMN32380134	JA314_FWD.fastq.gz	JA314_RVS.fastq.gz	Amplification of the 16S V4 region with universal primers 515F and 806R on DNA extracted from fresh soils
JA519	JVN059	JEP59	SAMN32380135	JA519_FWD.fastq.gz	JA519_RVS.fastq.gz	Amplification of the 16S V4 region with universal primers 515F and 806R on DNA extracted from fresh soils
JA316	JVN060	JEP60	SAMN32380136	JA316_FWD.fastq.gz	JA316_RVS.fastq.gz	Amplification of the 16S V4 region with universal primers 515F and 806R on DNA extracted from fresh soils
JA520	JVN061	JEP61	SAMN32380137	JA520_FWD.fastq.gz	JA520_RVS.fastq.gz	Amplification of the 16S V4 region with universal primers 515F and 806R on DNA extracted from fresh soils
JA318	JVN062	JEP62	SAMN32380138	JA318_FWD.fastq.gz	JA318_RVS.fastq.gz	Amplification of the 16S V4 region with universal primers 515F and 806R on DNA extracted from fresh soils
JA319	JVN063	JEP63	SAMN32380139	JA319_FWD.fastq.gz	JA319_RVS.fastq.gz	Amplification of the 16S V4 region with universal primers 515F and 806R on DNA extracted from fresh soils
JA320	JVN064	JEP64	SAMN32380140	JA320_FWD.fastq.gz	JA320_RVS.fastq.gz	Amplification of the 16S V4 region with universal primers 515F and 806R on DNA extracted from fresh soils
JA321	JVN065	JEP65	SAMN32380141	JA321_FWD.fastq.gz	JA321_RVS.fastq.gz	Amplification of the 16S V4 region with universal primers 515F and 806R on DNA extracted from fresh soils
JA322	JVN066	JEP66	SAMN32380142	JA322_FWD.fastq.gz	JA322_RVS.fastq.gz	Amplification of the 16S V4 region with universal primers 515F and 806R on DNA extracted from fresh soils
JA323	JVN067	JEP67	SAMN32380143	JA323_FWD.fastq.gz	JA323_RVS.fastq.gz	Amplification of the 16S V4 region with universal primers 515F and 806R on DNA extracted from fresh soils
JA324	JVN068	JEP68	SAMN32380144	JA324_FWD.fastq.gz	JA324_RVS.fastq.gz	Amplification of the 16S V4 region with universal primers 515F and 806R on DNA extracted from fresh soils
JA325	JVN069	JEP69	SAMN32380145	JA325_FWD.fastq.gz	JA325_RVS.fastq.gz	Amplification of the 16S V4 region with universal primers 515F and 806R on DNA extracted from fresh soils
JA326	JVN070	JEP70	SAMN32380146	JA326_FWD.fastq.gz	JA326_RVS.fastq.gz	Amplification of the 16S V4 region with universal primers 515F and 806R on DNA extracted from fresh soils
JA521	JVN071	JEP71	SAMN32380147	JA521_FWD.fastq.gz	JA521_RVS.fastq.gz	Amplification of the 16S V4 region with universal primers 515F and 806R on DNA extracted from fresh soils
JA328	JVN072	JEP72	SAMN32380148	JA328_FWD.fastq.gz	JA328_RVS.fastq.gz	Amplification of the 16S V4 region with universal primers 515F and 806R on DNA extracted from fresh soils
JA329	JVN073	JEP73	SAMN32380149	JA329_FWD.fastq.gz	JA329_RVS.fastq.gz	Amplification of the 16S V4 region with universal primers 515F and 806R on DNA extracted from fresh soils
JA330	JVN074	JEP74	SAMN32380150	JA330_FWD.fastq.gz	JA330_RVS.fastq.gz	Amplification of the 16S V4 region with universal primers 515F and 806R on DNA extracted from fresh soils
JA522	JVN075	JEP75	SAMN32380151	JA522_FWD.fastq.gz	JA522_RVS.fastq.gz	Amplification of the 16S V4 region with universal primers 515F and 806R on DNA extracted from fresh soils
JA332	JVN076	JEP76	SAMN32380152	JA332_FWD.fastq.gz	JA332_RVS.fastq.gz	Amplification of the 16S V4 region with universal primers 515F and 806R on DNA extracted from fresh soils
JA523	JVN077	JEP77	SAMN32380153	JA523_FWD.fastq.gz	JA523_RVS.fastq.gz	Amplification of the 16S V4 region with universal primers 515F and 806R on DNA extracted from fresh soils
JA334	JVN078	JEP78	SAMN32380154	JA334_FWD.fastq.gz	JA334_RVS.fastq.gz	Amplification of the 16S V4 region with universal primers 515F and 806R on DNA extracted from fresh soils
JA524	JVN079	JEP79	SAMN32380155	JA524_FWD.fastq.gz	JA524_RVS.fastq.gz	Amplification of the 16S V4 region with universal primers 515F and 806R on DNA extracted from fresh soils
JA336	JVN080	JEP80	SAMN32380156	JA336_FWD.fastq.gz	JA336_RVS.fastq.gz	Amplification of the 16S V4 region with universal primers 515F and 806R on DNA extracted from fresh soils
JA525	JVN081	JEP81	SAMN32380157	JA525_FWD.fastq.gz	JA525_RVS.fastq.gz	Amplification of the 16S V4 region with universal primers 515F and 806R on DNA extracted from fresh soils
JA526	JVN082	JEP82	SAMN32380158	JA526_FWD.fastq.gz	JA526_RVS.fastq.gz	Amplification of the 16S V4 region with universal primers 515F and 806R on DNA extracted from fresh soils
JA527	JVN083	JEP83	SAMN32380159	JA527_FWD.fastq.gz	JA527_RVS.fastq.gz	Amplification of the 16S V4 region with universal primers 515F and 806R on DNA extracted from fresh soils
JA528	JVN084	JEP84	SAMN32380160	JA528_FWD.fastq.gz	JA528_RVS.fastq.gz	Amplification of the 16S V4 region with universal primers 515F and 806R on DNA extracted from fresh soils
JA529	JVN085	JEP85	SAMN32380161	JA529_FWD.fastq.gz	JA529_RVS.fastq.gz	Amplification of the 16S V4 region with universal primers 515F and 806R on DNA extracted from fresh soils
JA530	JVN086	JEP86	SAMN32380162	JA530_FWD.fastq.gz	JA530_RVS.fastq.gz	Amplification of the 16S V4 region with universal primers 515F and 806R on DNA extracted from fresh soils
JA531	JVN087	JEP87	SAMN32380163	JA531_FWD.fastq.gz	JA531_RVS.fastq.gz	Amplification of the 16S V4 region with universal primers 515F and 806R on DNA extracted from fresh soils
JA532	JVN088	JEP88	SAMN32380164	JA532_FWD.fastq.gz	JA532_RVS.fastq.gz	Amplification of the 16S V4 region with universal primers 515F and 806R on DNA extracted from fresh soils
JA533	JVN089	JEP89	SAMN32380165	JA533_FWD.fastq.gz	JA533_RVS.fastq.gz	Amplification of the 16S V4 region with universal primers 515F and 806R on DNA extracted from fresh soils
JA534	JVN090	JEP90	SAMN32380166	JA534_FWD.fastq.gz	JA534_RVS.fastq.gz	Amplification of the 16S V4 region with universal primers 515F and 806R on DNA extracted from fresh soils
JA535	JVN091	JEP91	SAMN32380167	JA535_FWD.fastq.gz	JA535_RVS.fastq.gz	Amplification of the 16S V4 region with universal primers 515F and 806R on DNA extracted from fresh soils
JA536	JVN092	JEP92	SAMN32380168	JA536_FWD.fastq.gz	JA536_RVS.fastq.gz	Amplification of the 16S V4 region with universal primers 515F and 806R on DNA extracted from fresh soils
JA537	JVN093	JEP93	SAMN32380169	JA537_FWD.fastq.gz	JA537_RVS.fastq.gz	Amplification of the 16S V4 region with universal primers 515F and 806R on DNA extracted from fresh soils
JA538	JVN094	JEP94	SAMN32380170	JA538_FWD.fastq.gz	JA538_RVS.fastq.gz	Amplification of the 16S V4 region with universal primers 515F and 806R on DNA extracted from fresh soils
JA539	JVN095	JEP95	SAMN32380171	JA539_FWD.fastq.gz	JA539_RVS.fastq.gz	Amplification of the 16S V4 region with universal primers 515F and 806R on DNA extracted from fresh soils
JA540	JVN096	JEP96	SAMN32380172	JA540_FWD.fastq.gz	JA540_RVS.fastq.gz	Amplification of the 16S V4 region with universal primers 515F and 806R on DNA extracted from fresh soils
JA541	JVN097	JEP97	SAMN32380173	JA541_FWD.fastq.gz	JA541_RVS.fastq.gz	Amplification of the 16S V4 region with universal primers 515F and 806R on DNA extracted from fresh soils
JA542	JVN098	JEP98	SAMN32380174	JA542_FWD.fastq.gz	JA542_RVS.fastq.gz	Amplification of the 16S V4 region with universal primers 515F and 806R on DNA extracted from fresh soils
JA543	JVN099	JEP99	SAMN32380175	JA543_FWD.fastq.gz	JA543_RVS.fastq.gz	Amplification of the 16S V4 region with universal primers 515F and 806R on DNA extracted from fresh soils
JA544	JVN100	JEP100	SAMN32380176	JA544_FWD.fastq.gz	JA544_RVS.fastq.gz	Amplification of the 16S V4 region with universal primers 515F and 806R on DNA extracted from fresh soils
JA545	JVN101	JEP101	SAMN32380177	JA545_FWD.fastq.gz	JA545_RVS.fastq.gz	Amplification of the 16S V4 region with universal primers 515F and 806R on DNA extracted from fresh soils
JA546	JVN102	JEP102	SAMN32380178	JA546_FWD.fastq.gz	JA546_RVS.fastq.gz	Amplification of the 16S V4 region with universal primers 515F and 806R on DNA extracted from fresh soils
JA547	JVN103	JEP103	SAMN32380179	JA547_FWD.fastq.gz	JA547_RVS.fastq.gz	Amplification of the 16S V4 region with universal primers 515F and 806R on DNA extracted from fresh soils
JA548	JVN104	JEP104	SAMN32380180	JA548_FWD.fastq.gz	JA548_RVS.fastq.gz	Amplification of the 16S V4 region with universal primers 515F and 806R on DNA extracted from fresh soils
JA361	JVN105	JEP105	SAMN32380181	JA361_FWD.fastq.gz	JA361_RVS.fastq.gz	Amplification of the 16S V4 region with universal primers 515F and 806R on DNA extracted from fresh soils
JA362	JVN106	JEP106	SAMN32380182	JA362_FWD.fastq.gz	JA362_RVS.fastq.gz	Amplification of the 16S V4 region with universal primers 515F and 806R on DNA extracted from fresh soils
JA501	JVN107	JEP107	SAMN32380183	JA501_FWD.fastq.gz	JA501_RVS.fastq.gz	Amplification of the 16S V4 region with universal primers 515F and 806R on DNA extracted from fresh soils
JA364	JVN108	JEP108	SAMN32380184	JA364_FWD.fastq.gz	JA364_RVS.fastq.gz	Amplification of the 16S V4 region with universal primers 515F and 806R on DNA extracted from fresh soils
JA365	JVN109	JEP109	SAMN32380185	JA365_FWD.fastq.gz	JA365_RVS.fastq.gz	Amplification of the 16S V4 region with universal primers 515F and 806R on DNA extracted from fresh soils
JA366	JVN110	JEP110	SAMN32380186	JA366_FWD.fastq.gz	JA366_RVS.fastq.gz	Amplification of the 16S V4 region with universal primers 515F and 806R on DNA extracted from fresh soils
JA502	JVN111	JEP111	SAMN32380187	JA502_FWD.fastq.gz	JA502_RVS.fastq.gz	Amplification of the 16S V4 region with universal primers 515F and 806R on DNA extracted from fresh soils
JA368	JVN112	JEP112	SAMN32380188	JA368_FWD.fastq.gz	JA368_RVS.fastq.gz	Amplification of the 16S V4 region with universal primers 515F and 806R on DNA extracted from fresh soils
JA370	JVN114	JEP114	SAMN32380190	JA370_FWD.fastq.gz	JA370_RVS.fastq.gz	Amplification of the 16S V4 region with universal primers 515F and 806R on DNA extracted from fresh soils
JA371	JVN115	JEP115	SAMN32380191	JA371_FWD.fastq.gz	JA371_RVS.fastq.gz	Amplification of the 16S V4 region with universal primers 515F and 806R on DNA extracted from fresh soils
JA372	JVN116	JEP116	SAMN32380192	JA372_FWD.fastq.gz	JA372_RVS.fastq.gz	Amplification of the 16S V4 region with universal primers 515F and 806R on DNA extracted from fresh soils
JA373	JVN117	JEP117	SAMN32380193	JA373_FWD.fastq.gz	JA373_RVS.fastq.gz	Amplification of the 16S V4 region with universal primers 515F and 806R on DNA extracted from fresh soils
JA374	JVN118	JEP118	SAMN32380194	JA374_FWD.fastq.gz	JA374_RVS.fastq.gz	Amplification of the 16S V4 region with universal primers 515F and 806R on DNA extracted from fresh soils
JA375	JVN119	JEP119	SAMN32380195	JA375_FWD.fastq.gz	JA375_RVS.fastq.gz	Amplification of the 16S V4 region with universal primers 515F and 806R on DNA extracted from fresh soils
JA376	JVN120	JEP120	SAMN32380196	JA376_FWD.fastq.gz	JA376_RVS.fastq.gz	Amplification of the 16S V4 region with universal primers 515F and 806R on DNA extracted from fresh soils
JA378	JVN122	JEP122	SAMN32380198	JA378_FWD.fastq.gz	JA378_RVS.fastq.gz	Amplification of the 16S V4 region with universal primers 515F and 806R on DNA extracted from fresh soils
JA380	JVN124	JEP124	SAMN32380200	JA380_FWD.fastq.gz	JA380_RVS.fastq.gz	Amplification of the 16S V4 region with universal primers 515F and 806R on DNA extracted from fresh soils
JA381	JVN125	JEP125	SAMN32380201	JA381_FWD.fastq.gz	JA381_RVS.fastq.gz	Amplification of the 16S V4 region with universal primers 515F and 806R on DNA extracted from fresh soils
JA382	JVN126	JEP126	SAMN32380202	JA382_FWD.fastq.gz	JA382_RVS.fastq.gz	Amplification of the 16S V4 region with universal primers 515F and 806R on DNA extracted from fresh soils
JA383	JVN127	JEP127	SAMN32380203	JA383_FWD.fastq.gz	JA383_RVS.fastq.gz	Amplification of the 16S V4 region with universal primers 515F and 806R on DNA extracted from fresh soils
JA384	JVN128	JEP128	SAMN32380204	JA384_FWD.fastq.gz	JA384_RVS.fastq.gz	Amplification of the 16S V4 region with universal primers 515F and 806R on DNA extracted from fresh soils
JA385	JVN129	JEP129	SAMN32380205	JA385_FWD.fastq.gz	JA385_RVS.fastq.gz	Amplification of the 16S V4 region with universal primers 515F and 806R on DNA extracted from fresh soils
JA386	JVN130	JEP130	SAMN32380206	JA386_FWD.fastq.gz	JA386_RVS.fastq.gz	Amplification of the 16S V4 region with universal primers 515F and 806R on DNA extracted from fresh soils
JA387	JVN131	JEP131	SAMN32380207	JA387_FWD.fastq.gz	JA387_RVS.fastq.gz	Amplification of the 16S V4 region with universal primers 515F and 806R on DNA extracted from fresh soils
JA388	JVN132	JEP132	SAMN32380208	JA388_FWD.fastq.gz	JA388_RVS.fastq.gz	Amplification of the 16S V4 region with universal primers 515F and 806R on DNA extracted from fresh soils
JA389	JVN133	JEP133	SAMN32380209	JA389_FWD.fastq.gz	JA389_RVS.fastq.gz	Amplification of the 16S V4 region with universal primers 515F and 806R on DNA extracted from fresh soils
JA390	JVN134	JEP134	SAMN32380210	JA390_FWD.fastq.gz	JA390_RVS.fastq.gz	Amplification of the 16S V4 region with universal primers 515F and 806R on DNA extracted from fresh soils
JA391	JVN135	JEP135	SAMN32380211	JA391_FWD.fastq.gz	JA391_RVS.fastq.gz	Amplification of the 16S V4 region with universal primers 515F and 806R on DNA extracted from fresh soils
JA392	JVN136	JEP136	SAMN32380212	JA392_FWD.fastq.gz	JA392_RVS.fastq.gz	Amplification of the 16S V4 region with universal primers 515F and 806R on DNA extracted from fresh soils
JA393	JVN137	JEP137	SAMN32380213	JA393_FWD.fastq.gz	JA393_RVS.fastq.gz	Amplification of the 16S V4 region with universal primers 515F and 806R on DNA extracted from fresh soils
JA394	JVN138	JEP138	SAMN32380214	JA394_FWD.fastq.gz	JA394_RVS.fastq.gz	Amplification of the 16S V4 region with universal primers 515F and 806R on DNA extracted from fresh soils
JA395	JVN139	JEP139	SAMN32380215	JA395_FWD.fastq.gz	JA395_RVS.fastq.gz	Amplification of the 16S V4 region with universal primers 515F and 806R on DNA extracted from fresh soils
JA396	JVN140	JEP140	SAMN32380216	JA396_FWD.fastq.gz	JA396_RVS.fastq.gz	Amplification of the 16S V4 region with universal primers 515F and 806R on DNA extracted from fresh soils
JA397	JVN141	JEP141	SAMN32380217	JA397_FWD.fastq.gz	JA397_RVS.fastq.gz	Amplification of the 16S V4 region with universal primers 515F and 806R on DNA extracted from fresh soils
JA398	JVN142	JEP142	SAMN32380218	JA398_FWD.fastq.gz	JA398_RVS.fastq.gz	Amplification of the 16S V4 region with universal primers 515F and 806R on DNA extracted from fresh soils
JA399	JVN143	JEP143	SAMN32380219	JA399_FWD.fastq.gz	JA399_RVS.fastq.gz	Amplification of the 16S V4 region with universal primers 515F and 806R on DNA extracted from fresh soils
JA400	JVN144	JEP144	SAMN32380220	JA400_FWD.fastq.gz	JA400_RVS.fastq.gz	Amplification of the 16S V4 region with universal primers 515F and 806R on DNA extracted from fresh soils
JA401	JVN145	JEP145	SAMN32380221	JA401_FWD.fastq.gz	JA401_RVS.fastq.gz	Amplification of the 16S V4 region with universal primers 515F and 806R on DNA extracted from fresh soils
JA402	JVN146	JEP146	SAMN32380222	JA402_FWD.fastq.gz	JA402_RVS.fastq.gz	Amplification of the 16S V4 region with universal primers 515F and 806R on DNA extracted from fresh soils
JA403	JVN147	JEP147	SAMN32380223	JA403_FWD.fastq.gz	JA403_RVS.fastq.gz	Amplification of the 16S V4 region with universal primers 515F and 806R on DNA extracted from fresh soils
JA404	JVN148	JEP148	SAMN32380224	JA404_FWD.fastq.gz	JA404_RVS.fastq.gz	Amplification of the 16S V4 region with universal primers 515F and 806R on DNA extracted from fresh soils
JA405	JVN149	JEP149	SAMN32380225	JA405_FWD.fastq.gz	JA405_RVS.fastq.gz	Amplification of the 16S V4 region with universal primers 515F and 806R on DNA extracted from fresh soils
JA406	JVN150	JEP150	SAMN32380226	JA406_FWD.fastq.gz	JA406_RVS.fastq.gz	Amplification of the 16S V4 region with universal primers 515F and 806R on DNA extracted from fresh soils
JA407	JVN151	JEP151	SAMN32380227	JA407_FWD.fastq.gz	JA407_RVS.fastq.gz	Amplification of the 16S V4 region with universal primers 515F and 806R on DNA extracted from fresh soils
JA408	JVN152	JEP152	SAMN32380228	JA408_FWD.fastq.gz	JA408_RVS.fastq.gz	Amplification of the 16S V4 region with universal primers 515F and 806R on DNA extracted from fresh soils
JA409	JVN153	JEP153	SAMN32380229	JA409_FWD.fastq.gz	JA409_RVS.fastq.gz	Amplification of the 16S V4 region with universal primers 515F and 806R on DNA extracted from fresh soils
JA410	JVN154	JEP154	SAMN32380230	JA410_FWD.fastq.gz	JA410_RVS.fastq.gz	Amplification of the 16S V4 region with universal primers 515F and 806R on DNA extracted from fresh soils
JA412	JVN156	JEP156	SAMN32380232	JA412_FWD.fastq.gz	JA412_RVS.fastq.gz	Amplification of the 16S V4 region with universal primers 515F and 806R on DNA extracted from fresh soils
JA413	JVN157	JEP157	SAMN32380233	JA413_FWD.fastq.gz	JA413_RVS.fastq.gz	Amplification of the 16S V4 region with universal primers 515F and 806R on DNA extracted from fresh soils
JA414	JVN158	JEP158	SAMN32380234	JA414_FWD.fastq.gz	JA414_RVS.fastq.gz	Amplification of the 16S V4 region with universal primers 515F and 806R on DNA extracted from fresh soils
JA508	JVN159	JEP159	SAMN32380235	JA508_FWD.fastq.gz	JA508_RVS.fastq.gz	Amplification of the 16S V4 region with universal primers 515F and 806R on DNA extracted from fresh soils
JA416	JVN160	JEP160	SAMN32380236	JA416_FWD.fastq.gz	JA416_RVS.fastq.gz	Amplification of the 16S V4 region with universal primers 515F and 806R on DNA extracted from fresh soils
JA417	JVN161	JEP161	SAMN32380237	JA417_FWD.fastq.gz	JA417_RVS.fastq.gz	Amplification of the 16S V4 region with universal primers 515F and 806R on DNA extracted from fresh soils
JA418	JVN162	JEP162	SAMN32380238	JA418_FWD.fastq.gz	JA418_RVS.fastq.gz	Amplification of the 16S V4 region with universal primers 515F and 806R on DNA extracted from fresh soils
JA509	JVN163	JEP163	SAMN32380239	JA509_FWD.fastq.gz	JA509_RVS.fastq.gz	Amplification of the 16S V4 region with universal primers 515F and 806R on DNA extracted from fresh soils
JA420	JVN164	JEP164	SAMN32380240	JA420_FWD.fastq.gz	JA420_RVS.fastq.gz	Amplification of the 16S V4 region with universal primers 515F and 806R on DNA extracted from fresh soils
JA421	JVN165	JEP165	SAMN32380241	JA421_FWD.fastq.gz	JA421_RVS.fastq.gz	Amplification of the 16S V4 region with universal primers 515F and 806R on DNA extracted from fresh soils
JA422	JVN166	JEP166	SAMN32380242	JA422_FWD.fastq.gz	JA422_RVS.fastq.gz	Amplification of the 16S V4 region with universal primers 515F and 806R on DNA extracted from fresh soils
JA423	JVN167	JEP167	SAMN32380243	JA423_FWD.fastq.gz	JA423_RVS.fastq.gz	Amplification of the 16S V4 region with universal primers 515F and 806R on DNA extracted from fresh soils
JA424	JVN168	JEP168	SAMN32380244	JA424_FWD.fastq.gz	JA424_RVS.fastq.gz	Amplification of the 16S V4 region with universal primers 515F and 806R on DNA extracted from fresh soils
JA489	JVN067f	JEP67	SAMN32380143	JA489_FWD.fastq.gz	JA489_RVS.fastq.gz	Amplification of the 16S V4 region with universal primers 515F and 806R on DNA extracted from frozen soils
JA490	JVN068f	JEP68	SAMN32380144	JA490_FWD.fastq.gz	JA490_RVS.fastq.gz	Amplification of the 16S V4 region with universal primers 515F and 806R on DNA extracted from frozen soils
JA491	JVN069f	JEP69	SAMN32380145	JA491_FWD.fastq.gz	JA491_RVS.fastq.gz	Amplification of the 16S V4 region with universal primers 515F and 806R on DNA extracted from frozen soils
JA492	JVN070f	JEP70	SAMN32380146	JA492_FWD.fastq.gz	JA492_RVS.fastq.gz	Amplification of the 16S V4 region with universal primers 515F and 806R on DNA extracted from frozen soils
JA493	JVN115f	JEP115	SAMN32380191	JA493_FWD.fastq.gz	JA493_RVS.fastq.gz	Amplification of the 16S V4 region with universal primers 515F and 806R on DNA extracted from frozen soils
JA494	JVN116f	JEP116	SAMN32380192	JA494_FWD.fastq.gz	JA494_RVS.fastq.gz	Amplification of the 16S V4 region with universal primers 515F and 806R on DNA extracted from frozen soils
JA495	JVN117f	JEP117	SAMN32380193	JA495_FWD.fastq.gz	JA495_RVS.fastq.gz	Amplification of the 16S V4 region with universal primers 515F and 806R on DNA extracted from frozen soils
JA496	JVN118f	JEP118	SAMN32380194	JA496_FWD.fastq.gz	JA496_RVS.fastq.gz	Amplification of the 16S V4 region with universal primers 515F and 806R on DNA extracted from frozen soils
JA510	JVN169	JEP169	SAMN32380245	JA510_FWD.fastq.gz	JA510_RVS.fastq.gz	Amplification of the 16S V4 region with universal primers 515F and 806R on DNA extracted from fresh soils
JA426	JVN170	JEP170	SAMN32380246	JA426_FWD.fastq.gz	JA426_RVS.fastq.gz	Amplification of the 16S V4 region with universal primers 515F and 806R on DNA extracted from fresh soils
JA427	JVN171	JEP171	SAMN32380247	JA427_FWD.fastq.gz	JA427_RVS.fastq.gz	Amplification of the 16S V4 region with universal primers 515F and 806R on DNA extracted from fresh soils
JA428	JVN172	JEP172	SAMN32380248	JA428_FWD.fastq.gz	JA428_RVS.fastq.gz	Amplification of the 16S V4 region with universal primers 515F and 806R on DNA extracted from fresh soils
JA511	JVN173	JEP173	SAMN32380249	JA511_FWD.fastq.gz	JA511_RVS.fastq.gz	Amplification of the 16S V4 region with universal primers 515F and 806R on DNA extracted from fresh soils
JA430	JVN174	JEP174	SAMN32380250	JA430_FWD.fastq.gz	JA430_RVS.fastq.gz	Amplification of the 16S V4 region with universal primers 515F and 806R on DNA extracted from fresh soils
JA431	JVN175	JEP175	SAMN32380251	JA431_FWD.fastq.gz	JA431_RVS.fastq.gz	Amplification of the 16S V4 region with universal primers 515F and 806R on DNA extracted from fresh soils
JA432	JVN176	JEP176	SAMN32380252	JA432_FWD.fastq.gz	JA432_RVS.fastq.gz	Amplification of the 16S V4 region with universal primers 515F and 806R on DNA extracted from fresh soils
JA433	JVN177	JEP177	SAMN32380253	JA433_FWD.fastq.gz	JA433_RVS.fastq.gz	Amplification of the 16S V4 region with universal primers 515F and 806R on DNA extracted from fresh soils
JA434	JVN178	JEP178	SAMN32380254	JA434_FWD.fastq.gz	JA434_RVS.fastq.gz	Amplification of the 16S V4 region with universal primers 515F and 806R on DNA extracted from fresh soils
JA435	JVN179	JEP179	SAMN32380255	JA435_FWD.fastq.gz	JA435_RVS.fastq.gz	Amplification of the 16S V4 region with universal primers 515F and 806R on DNA extracted from fresh soils
JA436	JVN180	JEP180	SAMN32380256	JA436_FWD.fastq.gz	JA436_RVS.fastq.gz	Amplification of the 16S V4 region with universal primers 515F and 806R on DNA extracted from fresh soils
JA437	JVN181	JEP181	SAMN32380257	JA437_FWD.fastq.gz	JA437_RVS.fastq.gz	Amplification of the 16S V4 region with universal primers 515F and 806R on DNA extracted from fresh soils
JA438	JVN182	JEP182	SAMN32380258	JA438_FWD.fastq.gz	JA438_RVS.fastq.gz	Amplification of the 16S V4 region with universal primers 515F and 806R on DNA extracted from fresh soils
JA439	JVN183	JEP183	SAMN32380259	JA439_FWD.fastq.gz	JA439_RVS.fastq.gz	Amplification of the 16S V4 region with universal primers 515F and 806R on DNA extracted from fresh soils
JA440	JVN184	JEP184	SAMN32380260	JA440_FWD.fastq.gz	JA440_RVS.fastq.gz	Amplification of the 16S V4 region with universal primers 515F and 806R on DNA extracted from fresh soils
JA441	JVN185	JEP185	SAMN32380261	JA441_FWD.fastq.gz	JA441_RVS.fastq.gz	Amplification of the 16S V4 region with universal primers 515F and 806R on DNA extracted from fresh soils
JA442	JVN186	JEP186	SAMN32380262	JA442_FWD.fastq.gz	JA442_RVS.fastq.gz	Amplification of the 16S V4 region with universal primers 515F and 806R on DNA extracted from fresh soils
JA513	JVN187	JEP187	SAMN32380263	JA513_FWD.fastq.gz	JA513_RVS.fastq.gz	Amplification of the 16S V4 region with universal primers 515F and 806R on DNA extracted from fresh soils
JA444	JVN188	JEP188	SAMN32380264	JA444_FWD.fastq.gz	JA444_RVS.fastq.gz	Amplification of the 16S V4 region with universal primers 515F and 806R on DNA extracted from fresh soils
JA445	JVN189	JEP189	SAMN32380265	JA445_FWD.fastq.gz	JA445_RVS.fastq.gz	Amplification of the 16S V4 region with universal primers 515F and 806R on DNA extracted from fresh soils
JA446	JVN190	JEP190	SAMN32380266	JA446_FWD.fastq.gz	JA446_RVS.fastq.gz	Amplification of the 16S V4 region with universal primers 515F and 806R on DNA extracted from fresh soils
JA447	JVN191	JEP191	SAMN32380267	JA447_FWD.fastq.gz	JA447_RVS.fastq.gz	Amplification of the 16S V4 region with universal primers 515F and 806R on DNA extracted from fresh soils
JA448	JVN192	JEP192	SAMN32380268	JA448_FWD.fastq.gz	JA448_RVS.fastq.gz	Amplification of the 16S V4 region with universal primers 515F and 806R on DNA extracted from fresh soils
JA449	JVN193	JEP193	SAMN32380269	JA449_FWD.fastq.gz	JA449_RVS.fastq.gz	Amplification of the 16S V4 region with universal primers 515F and 806R on DNA extracted from fresh soils
JA450	JVN194	JEP194	SAMN32380270	JA450_FWD.fastq.gz	JA450_RVS.fastq.gz	Amplification of the 16S V4 region with universal primers 515F and 806R on DNA extracted from fresh soils
JA451	JVN195	JEP195	SAMN32380271	JA451_FWD.fastq.gz	JA451_RVS.fastq.gz	Amplification of the 16S V4 region with universal primers 515F and 806R on DNA extracted from fresh soils
JA452	JVN196	JEP196	SAMN32380272	JA452_FWD.fastq.gz	JA452_RVS.fastq.gz	Amplification of the 16S V4 region with universal primers 515F and 806R on DNA extracted from fresh soils
JA453	JVN197	JEP197	SAMN32380273	JA453_FWD.fastq.gz	JA453_RVS.fastq.gz	Amplification of the 16S V4 region with universal primers 515F and 806R on DNA extracted from fresh soils
JA454	JVN198	JEP198	SAMN32380274	JA454_FWD.fastq.gz	JA454_RVS.fastq.gz	Amplification of the 16S V4 region with universal primers 515F and 806R on DNA extracted from fresh soils
JA455	JVN199	JEP199	SAMN32380275	JA455_FWD.fastq.gz	JA455_RVS.fastq.gz	Amplification of the 16S V4 region with universal primers 515F and 806R on DNA extracted from fresh soils
JA456	JVN200	JEP200	SAMN32380276	JA456_FWD.fastq.gz	JA456_RVS.fastq.gz	Amplification of the 16S V4 region with universal primers 515F and 806R on DNA extracted from fresh soils
JA457	JVN201	JEP201	SAMN32380277	JA457_FWD.fastq.gz	JA457_RVS.fastq.gz	Amplification of the 16S V4 region with universal primers 515F and 806R on DNA extracted from fresh soils
JA458	JVN202	JEP202	SAMN32380278	JA458_FWD.fastq.gz	JA458_RVS.fastq.gz	Amplification of the 16S V4 region with universal primers 515F and 806R on DNA extracted from fresh soils
JA518	JVN203	JEP203	SAMN32380279	JA518_FWD.fastq.gz	JA518_RVS.fastq.gz	Amplification of the 16S V4 region with universal primers 515F and 806R on DNA extracted from fresh soils
JA460	JVN204	JEP204	SAMN32380280	JA460_FWD.fastq.gz	JA460_RVS.fastq.gz	Amplification of the 16S V4 region with universal primers 515F and 806R on DNA extracted from fresh soils
JA461	JVN205	JEP205	SAMN32380281	JA461_FWD.fastq.gz	JA461_RVS.fastq.gz	Amplification of the 16S V4 region with universal primers 515F and 806R on DNA extracted from fresh soils
JA462	JVN206	JEP206	SAMN32380282	JA462_FWD.fastq.gz	JA462_RVS.fastq.gz	Amplification of the 16S V4 region with universal primers 515F and 806R on DNA extracted from fresh soils
JA463	JVN207	JEP207	SAMN32380283	JA463_FWD.fastq.gz	JA463_RVS.fastq.gz	Amplification of the 16S V4 region with universal primers 515F and 806R on DNA extracted from fresh soils
JA464	JVN208	JEP208	SAMN32380284	JA464_FWD.fastq.gz	JA464_RVS.fastq.gz	Amplification of the 16S V4 region with universal primers 515F and 806R on DNA extracted from fresh soils
JA465	JVN209	JEP209	SAMN32380285	JA465_FWD.fastq.gz	JA465_RVS.fastq.gz	Amplification of the 16S V4 region with universal primers 515F and 806R on DNA extracted from fresh soils
JA466	JVN210	JEP210	SAMN32380286	JA466_FWD.fastq.gz	JA466_RVS.fastq.gz	Amplification of the 16S V4 region with universal primers 515F and 806R on DNA extracted from fresh soils
JA467	JVN211	JEP211	SAMN32380287	JA467_FWD.fastq.gz	JA467_RVS.fastq.gz	Amplification of the 16S V4 region with universal primers 515F and 806R on DNA extracted from fresh soils
JA468	JVN212	JEP212	SAMN32380288	JA468_FWD.fastq.gz	JA468_RVS.fastq.gz	Amplification of the 16S V4 region with universal primers 515F and 806R on DNA extracted from fresh soils
JA469	JVN213	JEP213	SAMN32380289	JA469_FWD.fastq.gz	JA469_RVS.fastq.gz	Amplification of the 16S V4 region with universal primers 515F and 806R on DNA extracted from fresh soils
JA470	JVN214	JEP214	SAMN32380290	JA470_FWD.fastq.gz	JA470_RVS.fastq.gz	Amplification of the 16S V4 region with universal primers 515F and 806R on DNA extracted from fresh soils
JA471	JVN215	JEP215	SAMN32380291	JA471_FWD.fastq.gz	JA471_RVS.fastq.gz	Amplification of the 16S V4 region with universal primers 515F and 806R on DNA extracted from fresh soils
JA472	JVN216	JEP216	SAMN32380292	JA472_FWD.fastq.gz	JA472_RVS.fastq.gz	Amplification of the 16S V4 region with universal primers 515F and 806R on DNA extracted from fresh soils
JA473	JVN217	JEP217	SAMN32380293	JA473_FWD.fastq.gz	JA473_RVS.fastq.gz	Amplification of the 16S V4 region with universal primers 515F and 806R on DNA extracted from fresh soils
JA474	JVN218	JEP218	SAMN32380294	JA474_FWD.fastq.gz	JA474_RVS.fastq.gz	Amplification of the 16S V4 region with universal primers 515F and 806R on DNA extracted from fresh soils
JA475	JVN219	JEP219	SAMN32380295	JA475_FWD.fastq.gz	JA475_RVS.fastq.gz	Amplification of the 16S V4 region with universal primers 515F and 806R on DNA extracted from fresh soils
JA476	JVN220	JEP220	SAMN32380296	JA476_FWD.fastq.gz	JA476_RVS.fastq.gz	Amplification of the 16S V4 region with universal primers 515F and 806R on DNA extracted from fresh soils
JA477	JVN221	JEP221	SAMN32380297	JA477_FWD.fastq.gz	JA477_RVS.fastq.gz	Amplification of the 16S V4 region with universal primers 515F and 806R on DNA extracted from fresh soils
JA478	JVN222	JEP222	SAMN32380298	JA478_FWD.fastq.gz	JA478_RVS.fastq.gz	Amplification of the 16S V4 region with universal primers 515F and 806R on DNA extracted from fresh soils
JA479	JVN223	JEP223	SAMN32380299	JA479_FWD.fastq.gz	JA479_RVS.fastq.gz	Amplification of the 16S V4 region with universal primers 515F and 806R on DNA extracted from fresh soils
JA480	JVN224	JEP224	SAMN32380300	JA480_FWD.fastq.gz	JA480_RVS.fastq.gz	Amplification of the 16S V4 region with universal primers 515F and 806R on DNA extracted from fresh soils
JA481	JVN225	JEP225	SAMN32380301	JA481_FWD.fastq.gz	JA481_RVS.fastq.gz	Amplification of the 16S V4 region with universal primers 515F and 806R on DNA extracted from fresh soils
JA482	JVN226	JEP226	SAMN32380302	JA482_FWD.fastq.gz	JA482_RVS.fastq.gz	Amplification of the 16S V4 region with universal primers 515F and 806R on DNA extracted from fresh soils
JA483	JVN227	JEP227	SAMN32380303	JA483_FWD.fastq.gz	JA483_RVS.fastq.gz	Amplification of the 16S V4 region with universal primers 515F and 806R on DNA extracted from fresh soils
JA484	JVN228	JEP228	SAMN32380304	JA484_FWD.fastq.gz	JA484_RVS.fastq.gz	Amplification of the 16S V4 region with universal primers 515F and 806R on DNA extracted from fresh soils
JA485	JVN229	JEP229	SAMN32380305	JA485_FWD.fastq.gz	JA485_RVS.fastq.gz	Amplification of the 16S V4 region with universal primers 515F and 806R on DNA extracted from fresh soils
JA486	JVN230	JEP230	SAMN32380306	JA486_FWD.fastq.gz	JA486_RVS.fastq.gz	Amplification of the 16S V4 region with universal primers 515F and 806R on DNA extracted from fresh soils
JA487	JVN231	JEP231	SAMN32380307	JA487_FWD.fastq.gz	JA487_RVS.fastq.gz	Amplification of the 16S V4 region with universal primers 515F and 806R on DNA extracted from fresh soils
JA488	JVN232	JEP232	SAMN32380308	JA488_FWD.fastq.gz	JA488_RVS.fastq.gz	Amplification of the 16S V4 region with universal primers 515F and 806R on DNA extracted from fresh soils
JA001	JTM001	JEP1	SAMN32380077	JA001_FWD.fastq.gz	JA001_RVS.fastq.gz	Amplification of the 16S V4 region with universal primers 515F and 806R on DNA extracted from fresh soils
JA002	JTM002	JEP2	SAMN32380078	JA002_FWD.fastq.gz	JA002_RVS.fastq.gz	Amplification of the 16S V4 region with universal primers 515F and 806R on DNA extracted from fresh soils
JA003	JTM003	JEP3	SAMN32380079	JA003_FWD.fastq.gz	JA003_RVS.fastq.gz	Amplification of the 16S V4 region with universal primers 515F and 806R on DNA extracted from fresh soils
JA004	JTM004	JEP4	SAMN32380080	JA004_FWD.fastq.gz	JA004_RVS.fastq.gz	Amplification of the 16S V4 region with universal primers 515F and 806R on DNA extracted from fresh soils
JA005	JTM005	JEP5	SAMN32380081	JA005_FWD.fastq.gz	JA005_RVS.fastq.gz	Amplification of the 16S V4 region with universal primers 515F and 806R on DNA extracted from fresh soils
JA006	JTM006	JEP6	SAMN32380082	JA006_FWD.fastq.gz	JA006_RVS.fastq.gz	Amplification of the 16S V4 region with universal primers 515F and 806R on DNA extracted from fresh soils
JA007	JTM007	JEP7	SAMN32380083	JA007_FWD.fastq.gz	JA007_RVS.fastq.gz	Amplification of the 16S V4 region with universal primers 515F and 806R on DNA extracted from fresh soils
JA008	JTM008	JEP8	SAMN32380084	JA008_FWD.fastq.gz	JA008_RVS.fastq.gz	Amplification of the 16S V4 region with universal primers 515F and 806R on DNA extracted from fresh soils
JA009	JTM009	JEP9	SAMN32380085	JA009_FWD.fastq.gz	JA009_RVS.fastq.gz	Amplification of the 16S V4 region with universal primers 515F and 806R on DNA extracted from fresh soils
JA010	JTM010	JEP10	SAMN32380086	JA010_FWD.fastq.gz	JA010_RVS.fastq.gz	Amplification of the 16S V4 region with universal primers 515F and 806R on DNA extracted from fresh soils
JA011	JTM011	JEP11	SAMN32380087	JA011_FWD.fastq.gz	JA011_RVS.fastq.gz	Amplification of the 16S V4 region with universal primers 515F and 806R on DNA extracted from fresh soils
JA012	JTM012	JEP12	SAMN32380088	JA012_FWD.fastq.gz	JA012_RVS.fastq.gz	Amplification of the 16S V4 region with universal primers 515F and 806R on DNA extracted from fresh soils
JA013	JTM013	JEP13	SAMN32380089	JA013_FWD.fastq.gz	JA013_RVS.fastq.gz	Amplification of the 16S V4 region with universal primers 515F and 806R on DNA extracted from fresh soils
JA014	JTM014	JEP14	SAMN32380090	JA014_FWD.fastq.gz	JA014_RVS.fastq.gz	Amplification of the 16S V4 region with universal primers 515F and 806R on DNA extracted from fresh soils
JA015	JTM015	JEP15	SAMN32380091	JA015_FWD.fastq.gz	JA015_RVS.fastq.gz	Amplification of the 16S V4 region with universal primers 515F and 806R on DNA extracted from fresh soils
JA016	JTM016	JEP16	SAMN32380092	JA016_FWD.fastq.gz	JA016_RVS.fastq.gz	Amplification of the 16S V4 region with universal primers 515F and 806R on DNA extracted from fresh soils
JA017	JTM017	JEP17	SAMN32380093	JA017_FWD.fastq.gz	JA017_RVS.fastq.gz	Amplification of the 16S V4 region with universal primers 515F and 806R on DNA extracted from fresh soils
JA018	JTM018	JEP18	SAMN32380094	JA018_FWD.fastq.gz	JA018_RVS.fastq.gz	Amplification of the 16S V4 region with universal primers 515F and 806R on DNA extracted from fresh soils
JA019	JTM019	JEP19	SAMN32380095	JA019_FWD.fastq.gz	JA019_RVS.fastq.gz	Amplification of the 16S V4 region with universal primers 515F and 806R on DNA extracted from fresh soils
JA020	JTM020	JEP20	SAMN32380096	JA020_FWD.fastq.gz	JA020_RVS.fastq.gz	Amplification of the 16S V4 region with universal primers 515F and 806R on DNA extracted from fresh soils
JA021	JTM021	JEP21	SAMN32380097	JA021_FWD.fastq.gz	JA021_RVS.fastq.gz	Amplification of the 16S V4 region with universal primers 515F and 806R on DNA extracted from fresh soils
JA022	JTM022	JEP22	SAMN32380098	JA022_FWD.fastq.gz	JA022_RVS.fastq.gz	Amplification of the 16S V4 region with universal primers 515F and 806R on DNA extracted from fresh soils
JA023	JTM023	JEP23	SAMN32380099	JA023_FWD.fastq.gz	JA023_RVS.fastq.gz	Amplification of the 16S V4 region with universal primers 515F and 806R on DNA extracted from fresh soils
JA024	JTM024	JEP24	SAMN32380100	JA024_FWD.fastq.gz	JA024_RVS.fastq.gz	Amplification of the 16S V4 region with universal primers 515F and 806R on DNA extracted from fresh soils
JA025	JTM025	JEP25	SAMN32380101	JA025_FWD.fastq.gz	JA025_RVS.fastq.gz	Amplification of the 16S V4 region with universal primers 515F and 806R on DNA extracted from fresh soils
JA026	JTM026	JEP26	SAMN32380102	JA026_FWD.fastq.gz	JA026_RVS.fastq.gz	Amplification of the 16S V4 region with universal primers 515F and 806R on DNA extracted from fresh soils
JA027	JTM027	JEP27	SAMN32380103	JA027_FWD.fastq.gz	JA027_RVS.fastq.gz	Amplification of the 16S V4 region with universal primers 515F and 806R on DNA extracted from fresh soils
JA028	JTM028	JEP28	SAMN32380104	JA028_FWD.fastq.gz	JA028_RVS.fastq.gz	Amplification of the 16S V4 region with universal primers 515F and 806R on DNA extracted from fresh soils
JA029	JTM029	JEP29	SAMN32380105	JA029_FWD.fastq.gz	JA029_RVS.fastq.gz	Amplification of the 16S V4 region with universal primers 515F and 806R on DNA extracted from fresh soils
JA030	JTM030	JEP30	SAMN32380106	JA030_FWD.fastq.gz	JA030_RVS.fastq.gz	Amplification of the 16S V4 region with universal primers 515F and 806R on DNA extracted from fresh soils
JA031	JTM031	JEP31	SAMN32380107	JA031_FWD.fastq.gz	JA031_RVS.fastq.gz	Amplification of the 16S V4 region with universal primers 515F and 806R on DNA extracted from fresh soils
JA032	JTM032	JEP32	SAMN32380108	JA032_FWD.fastq.gz	JA032_RVS.fastq.gz	Amplification of the 16S V4 region with universal primers 515F and 806R on DNA extracted from fresh soils
JA033	JTM033	JEP33	SAMN32380109	JA033_FWD.fastq.gz	JA033_RVS.fastq.gz	Amplification of the 16S V4 region with universal primers 515F and 806R on DNA extracted from fresh soils
JA034	JTM034	JEP34	SAMN32380110	JA034_FWD.fastq.gz	JA034_RVS.fastq.gz	Amplification of the 16S V4 region with universal primers 515F and 806R on DNA extracted from fresh soils
JA035	JTM035	JEP35	SAMN32380111	JA035_FWD.fastq.gz	JA035_RVS.fastq.gz	Amplification of the 16S V4 region with universal primers 515F and 806R on DNA extracted from fresh soils
JA036	JTM036	JEP36	SAMN32380112	JA036_FWD.fastq.gz	JA036_RVS.fastq.gz	Amplification of the 16S V4 region with universal primers 515F and 806R on DNA extracted from fresh soils
JA037	JTM037	JEP37	SAMN32380113	JA037_FWD.fastq.gz	JA037_RVS.fastq.gz	Amplification of the 16S V4 region with universal primers 515F and 806R on DNA extracted from fresh soils
JA038	JTM038	JEP38	SAMN32380114	JA038_FWD.fastq.gz	JA038_RVS.fastq.gz	Amplification of the 16S V4 region with universal primers 515F and 806R on DNA extracted from fresh soils
JA039	JTM039	JEP39	SAMN32380115	JA039_FWD.fastq.gz	JA039_RVS.fastq.gz	Amplification of the 16S V4 region with universal primers 515F and 806R on DNA extracted from fresh soils
JA040	JTM040	JEP40	SAMN32380116	JA040_FWD.fastq.gz	JA040_RVS.fastq.gz	Amplification of the 16S V4 region with universal primers 515F and 806R on DNA extracted from fresh soils
JA041	JTM041	JEP41	SAMN32380117	JA041_FWD.fastq.gz	JA041_RVS.fastq.gz	Amplification of the 16S V4 region with universal primers 515F and 806R on DNA extracted from fresh soils
JA042	JTM042	JEP42	SAMN32380118	JA042_FWD.fastq.gz	JA042_RVS.fastq.gz	Amplification of the 16S V4 region with universal primers 515F and 806R on DNA extracted from fresh soils
JA043	JTM043	JEP43	SAMN32380119	JA043_FWD.fastq.gz	JA043_RVS.fastq.gz	Amplification of the 16S V4 region with universal primers 515F and 806R on DNA extracted from fresh soils
JA044	JTM044	JEP44	SAMN32380120	JA044_FWD.fastq.gz	JA044_RVS.fastq.gz	Amplification of the 16S V4 region with universal primers 515F and 806R on DNA extracted from fresh soils
JA045	JTM045	JEP45	SAMN32380121	JA045_FWD.fastq.gz	JA045_RVS.fastq.gz	Amplification of the 16S V4 region with universal primers 515F and 806R on DNA extracted from fresh soils
JA046	JTM046	JEP46	SAMN32380122	JA046_FWD.fastq.gz	JA046_RVS.fastq.gz	Amplification of the 16S V4 region with universal primers 515F and 806R on DNA extracted from fresh soils
JA047	JTM047	JEP47	SAMN32380123	JA047_FWD.fastq.gz	JA047_RVS.fastq.gz	Amplification of the 16S V4 region with universal primers 515F and 806R on DNA extracted from fresh soils
JA048	JTM048	JEP48	SAMN32380124	JA048_FWD.fastq.gz	JA048_RVS.fastq.gz	Amplification of the 16S V4 region with universal primers 515F and 806R on DNA extracted from fresh soils
JA049	JTM049	JEP49	SAMN32380125	JA049_FWD.fastq.gz	JA049_RVS.fastq.gz	Amplification of the 16S V4 region with universal primers 515F and 806R on DNA extracted from fresh soils
JA050	JTM050	JEP50	SAMN32380126	JA050_FWD.fastq.gz	JA050_RVS.fastq.gz	Amplification of the 16S V4 region with universal primers 515F and 806R on DNA extracted from fresh soils
JA051	JTM051	JEP51	SAMN32380127	JA051_FWD.fastq.gz	JA051_RVS.fastq.gz	Amplification of the 16S V4 region with universal primers 515F and 806R on DNA extracted from fresh soils
JA052	JTM052	JEP52	SAMN32380128	JA052_FWD.fastq.gz	JA052_RVS.fastq.gz	Amplification of the 16S V4 region with universal primers 515F and 806R on DNA extracted from fresh soils
JA053	JTM053	JEP53	SAMN32380129	JA053_FWD.fastq.gz	JA053_RVS.fastq.gz	Amplification of the 16S V4 region with universal primers 515F and 806R on DNA extracted from fresh soils
JA054	JTM054	JEP54	SAMN32380130	JA054_FWD.fastq.gz	JA054_RVS.fastq.gz	Amplification of the 16S V4 region with universal primers 515F and 806R on DNA extracted from fresh soils
JA055	JTM055	JEP55	SAMN32380131	JA055_FWD.fastq.gz	JA055_RVS.fastq.gz	Amplification of the 16S V4 region with universal primers 515F and 806R on DNA extracted from fresh soils
JA056	JTM056	JEP56	SAMN32380132	JA056_FWD.fastq.gz	JA056_RVS.fastq.gz	Amplification of the 16S V4 region with universal primers 515F and 806R on DNA extracted from fresh soils
JA057	JTM057	JEP57	SAMN32380133	JA057_FWD.fastq.gz	JA057_RVS.fastq.gz	Amplification of the 16S V4 region with universal primers 515F and 806R on DNA extracted from fresh soils
JA058	JTM058	JEP58	SAMN32380134	JA058_FWD.fastq.gz	JA058_RVS.fastq.gz	Amplification of the 16S V4 region with universal primers 515F and 806R on DNA extracted from fresh soils
JA059	JTM059	JEP59	SAMN32380135	JA059_FWD.fastq.gz	JA059_RVS.fastq.gz	Amplification of the 16S V4 region with universal primers 515F and 806R on DNA extracted from fresh soils
JA060	JTM060	JEP60	SAMN32380136	JA060_FWD.fastq.gz	JA060_RVS.fastq.gz	Amplification of the 16S V4 region with universal primers 515F and 806R on DNA extracted from fresh soils
JA506	JTM061	JEP61	SAMN32380137	JA506_FWD.fastq.gz	JA506_RVS.fastq.gz	Amplification of the 16S V4 region with universal primers 515F and 806R on DNA extracted from fresh soils
JA062	JTM062	JEP62	SAMN32380138	JA062_FWD.fastq.gz	JA062_RVS.fastq.gz	Amplification of the 16S V4 region with universal primers 515F and 806R on DNA extracted from fresh soils
JA063	JTM063	JEP63	SAMN32380139	JA063_FWD.fastq.gz	JA063_RVS.fastq.gz	Amplification of the 16S V4 region with universal primers 515F and 806R on DNA extracted from fresh soils
JA064	JTM064	JEP64	SAMN32380140	JA064_FWD.fastq.gz	JA064_RVS.fastq.gz	Amplification of the 16S V4 region with universal primers 515F and 806R on DNA extracted from fresh soils
JA065	JTM065	JEP65	SAMN32380141	JA065_FWD.fastq.gz	JA065_RVS.fastq.gz	Amplification of the 16S V4 region with universal primers 515F and 806R on DNA extracted from fresh soils
JA066	JTM066	JEP66	SAMN32380142	JA066_FWD.fastq.gz	JA066_RVS.fastq.gz	Amplification of the 16S V4 region with universal primers 515F and 806R on DNA extracted from fresh soils
JA067	JTM067	JEP67	SAMN32380143	JA067_FWD.fastq.gz	JA067_RVS.fastq.gz	Amplification of the 16S V4 region with universal primers 515F and 806R on DNA extracted from fresh soils
JA068	JTM068	JEP68	SAMN32380144	JA068_FWD.fastq.gz	JA068_RVS.fastq.gz	Amplification of the 16S V4 region with universal primers 515F and 806R on DNA extracted from fresh soils
JA069	JTM069	JEP69	SAMN32380145	JA069_FWD.fastq.gz	JA069_RVS.fastq.gz	Amplification of the 16S V4 region with universal primers 515F and 806R on DNA extracted from fresh soils
JA070	JTM070	JEP70	SAMN32380146	JA070_FWD.fastq.gz	JA070_RVS.fastq.gz	Amplification of the 16S V4 region with universal primers 515F and 806R on DNA extracted from fresh soils
JA071	JTM071	JEP71	SAMN32380147	JA071_FWD.fastq.gz	JA071_RVS.fastq.gz	Amplification of the 16S V4 region with universal primers 515F and 806R on DNA extracted from fresh soils
JA072	JTM072	JEP72	SAMN32380148	JA072_FWD.fastq.gz	JA072_RVS.fastq.gz	Amplification of the 16S V4 region with universal primers 515F and 806R on DNA extracted from fresh soils
JA073	JTM073	JEP73	SAMN32380149	JA073_FWD.fastq.gz	JA073_RVS.fastq.gz	Amplification of the 16S V4 region with universal primers 515F and 806R on DNA extracted from fresh soils
JA074	JTM074	JEP74	SAMN32380150	JA074_FWD.fastq.gz	JA074_RVS.fastq.gz	Amplification of the 16S V4 region with universal primers 515F and 806R on DNA extracted from fresh soils
JA075	JTM075	JEP75	SAMN32380151	JA075_FWD.fastq.gz	JA075_RVS.fastq.gz	Amplification of the 16S V4 region with universal primers 515F and 806R on DNA extracted from fresh soils
JA076	JTM076	JEP76	SAMN32380152	JA076_FWD.fastq.gz	JA076_RVS.fastq.gz	Amplification of the 16S V4 region with universal primers 515F and 806R on DNA extracted from fresh soils
JA077	JTM077	JEP77	SAMN32380153	JA077_FWD.fastq.gz	JA077_RVS.fastq.gz	Amplification of the 16S V4 region with universal primers 515F and 806R on DNA extracted from fresh soils
JA078	JTM078	JEP78	SAMN32380154	JA078_FWD.fastq.gz	JA078_RVS.fastq.gz	Amplification of the 16S V4 region with universal primers 515F and 806R on DNA extracted from fresh soils
JA079	JTM079	JEP79	SAMN32380155	JA079_FWD.fastq.gz	JA079_RVS.fastq.gz	Amplification of the 16S V4 region with universal primers 515F and 806R on DNA extracted from fresh soils
JA080	JTM080	JEP80	SAMN32380156	JA080_FWD.fastq.gz	JA080_RVS.fastq.gz	Amplification of the 16S V4 region with universal primers 515F and 806R on DNA extracted from fresh soils
JA081	JTM081	JEP81	SAMN32380157	JA081_FWD.fastq.gz	JA081_RVS.fastq.gz	Amplification of the 16S V4 region with universal primers 515F and 806R on DNA extracted from fresh soils
JA082	JTM082	JEP82	SAMN32380158	JA082_FWD.fastq.gz	JA082_RVS.fastq.gz	Amplification of the 16S V4 region with universal primers 515F and 806R on DNA extracted from fresh soils
JA083	JTM083	JEP83	SAMN32380159	JA083_FWD.fastq.gz	JA083_RVS.fastq.gz	Amplification of the 16S V4 region with universal primers 515F and 806R on DNA extracted from fresh soils
JA084	JTM084	JEP84	SAMN32380160	JA084_FWD.fastq.gz	JA084_RVS.fastq.gz	Amplification of the 16S V4 region with universal primers 515F and 806R on DNA extracted from fresh soils
JA085	JTM085	JEP85	SAMN32380161	JA085_FWD.fastq.gz	JA085_RVS.fastq.gz	Amplification of the 16S V4 region with universal primers 515F and 806R on DNA extracted from fresh soils
JA086	JTM086	JEP86	SAMN32380162	JA086_FWD.fastq.gz	JA086_RVS.fastq.gz	Amplification of the 16S V4 region with universal primers 515F and 806R on DNA extracted from fresh soils
JA087	JTM087	JEP87	SAMN32380163	JA087_FWD.fastq.gz	JA087_RVS.fastq.gz	Amplification of the 16S V4 region with universal primers 515F and 806R on DNA extracted from fresh soils
JA088	JTM088	JEP88	SAMN32380164	JA088_FWD.fastq.gz	JA088_RVS.fastq.gz	Amplification of the 16S V4 region with universal primers 515F and 806R on DNA extracted from fresh soils
JA089	JTM089	JEP89	SAMN32380165	JA089_FWD.fastq.gz	JA089_RVS.fastq.gz	Amplification of the 16S V4 region with universal primers 515F and 806R on DNA extracted from fresh soils
JA090	JTM090	JEP90	SAMN32380166	JA090_FWD.fastq.gz	JA090_RVS.fastq.gz	Amplification of the 16S V4 region with universal primers 515F and 806R on DNA extracted from fresh soils
JA091	JTM091	JEP91	SAMN32380167	JA091_FWD.fastq.gz	JA091_RVS.fastq.gz	Amplification of the 16S V4 region with universal primers 515F and 806R on DNA extracted from fresh soils
JA092	JTM092	JEP92	SAMN32380168	JA092_FWD.fastq.gz	JA092_RVS.fastq.gz	Amplification of the 16S V4 region with universal primers 515F and 806R on DNA extracted from fresh soils
JA093	JTM093	JEP93	SAMN32380169	JA093_FWD.fastq.gz	JA093_RVS.fastq.gz	Amplification of the 16S V4 region with universal primers 515F and 806R on DNA extracted from fresh soils
JA094	JTM094	JEP94	SAMN32380170	JA094_FWD.fastq.gz	JA094_RVS.fastq.gz	Amplification of the 16S V4 region with universal primers 515F and 806R on DNA extracted from fresh soils
JA095	JTM095	JEP95	SAMN32380171	JA095_FWD.fastq.gz	JA095_RVS.fastq.gz	Amplification of the 16S V4 region with universal primers 515F and 806R on DNA extracted from fresh soils
JA096	JTM096	JEP96	SAMN32380172	JA096_FWD.fastq.gz	JA096_RVS.fastq.gz	Amplification of the 16S V4 region with universal primers 515F and 806R on DNA extracted from fresh soils
JA097	JTM097	JEP97	SAMN32380173	JA097_FWD.fastq.gz	JA097_RVS.fastq.gz	Amplification of the 16S V4 region with universal primers 515F and 806R on DNA extracted from fresh soils
JA098	JTM098	JEP98	SAMN32380174	JA098_FWD.fastq.gz	JA098_RVS.fastq.gz	Amplification of the 16S V4 region with universal primers 515F and 806R on DNA extracted from fresh soils
JA099	JTM099	JEP99	SAMN32380175	JA099_FWD.fastq.gz	JA099_RVS.fastq.gz	Amplification of the 16S V4 region with universal primers 515F and 806R on DNA extracted from fresh soils
JA100	JTM100	JEP100	SAMN32380176	JA100_FWD.fastq.gz	JA100_RVS.fastq.gz	Amplification of the 16S V4 region with universal primers 515F and 806R on DNA extracted from fresh soils
JA101	JTM101	JEP101	SAMN32380177	JA101_FWD.fastq.gz	JA101_RVS.fastq.gz	Amplification of the 16S V4 region with universal primers 515F and 806R on DNA extracted from fresh soils
JA102	JTM102	JEP102	SAMN32380178	JA102_FWD.fastq.gz	JA102_RVS.fastq.gz	Amplification of the 16S V4 region with universal primers 515F and 806R on DNA extracted from fresh soils
JA103	JTM103	JEP103	SAMN32380179	JA103_FWD.fastq.gz	JA103_RVS.fastq.gz	Amplification of the 16S V4 region with universal primers 515F and 806R on DNA extracted from fresh soils
JA104	JTM104	JEP104	SAMN32380180	JA104_FWD.fastq.gz	JA104_RVS.fastq.gz	Amplification of the 16S V4 region with universal primers 515F and 806R on DNA extracted from fresh soils
JA105	JTM105	JEP105	SAMN32380181	JA105_FWD.fastq.gz	JA105_RVS.fastq.gz	Amplification of the 16S V4 region with universal primers 515F and 806R on DNA extracted from fresh soils
JA106	JTM106	JEP106	SAMN32380182	JA106_FWD.fastq.gz	JA106_RVS.fastq.gz	Amplification of the 16S V4 region with universal primers 515F and 806R on DNA extracted from fresh soils
JA107	JTM107	JEP107	SAMN32380183	JA107_FWD.fastq.gz	JA107_RVS.fastq.gz	Amplification of the 16S V4 region with universal primers 515F and 806R on DNA extracted from fresh soils
JA108	JTM108	JEP108	SAMN32380184	JA108_FWD.fastq.gz	JA108_RVS.fastq.gz	Amplification of the 16S V4 region with universal primers 515F and 806R on DNA extracted from fresh soils
JA109	JTM109	JEP109	SAMN32380185	JA109_FWD.fastq.gz	JA109_RVS.fastq.gz	Amplification of the 16S V4 region with universal primers 515F and 806R on DNA extracted from fresh soils
JA110	JTM110	JEP110	SAMN32380186	JA110_FWD.fastq.gz	JA110_RVS.fastq.gz	Amplification of the 16S V4 region with universal primers 515F and 806R on DNA extracted from fresh soils
JA111	JTM111	JEP111	SAMN32380187	JA111_FWD.fastq.gz	JA111_RVS.fastq.gz	Amplification of the 16S V4 region with universal primers 515F and 806R on DNA extracted from fresh soils
JA112	JTM112	JEP112	SAMN32380188	JA112_FWD.fastq.gz	JA112_RVS.fastq.gz	Amplification of the 16S V4 region with universal primers 515F and 806R on DNA extracted from fresh soils
JA113	JTM113	JEP113	SAMN32380189	JA113_FWD.fastq.gz	JA113_RVS.fastq.gz	Amplification of the 16S V4 region with universal primers 515F and 806R on DNA extracted from fresh soils
JA114	JTM114	JEP114	SAMN32380190	JA114_FWD.fastq.gz	JA114_RVS.fastq.gz	Amplification of the 16S V4 region with universal primers 515F and 806R on DNA extracted from fresh soils
JA115	JTM115	JEP115	SAMN32380191	JA115_FWD.fastq.gz	JA115_RVS.fastq.gz	Amplification of the 16S V4 region with universal primers 515F and 806R on DNA extracted from fresh soils
JA116	JTM116	JEP116	SAMN32380192	JA116_FWD.fastq.gz	JA116_RVS.fastq.gz	Amplification of the 16S V4 region with universal primers 515F and 806R on DNA extracted from fresh soils
JA117	JTM117	JEP117	SAMN32380193	JA117_FWD.fastq.gz	JA117_RVS.fastq.gz	Amplification of the 16S V4 region with universal primers 515F and 806R on DNA extracted from fresh soils
JA118	JTM118	JEP118	SAMN32380194	JA118_FWD.fastq.gz	JA118_RVS.fastq.gz	Amplification of the 16S V4 region with universal primers 515F and 806R on DNA extracted from fresh soils
JA119	JTM119	JEP119	SAMN32380195	JA119_FWD.fastq.gz	JA119_RVS.fastq.gz	Amplification of the 16S V4 region with universal primers 515F and 806R on DNA extracted from fresh soils
JA120	JTM120	JEP120	SAMN32380196	JA120_FWD.fastq.gz	JA120_RVS.fastq.gz	Amplification of the 16S V4 region with universal primers 515F and 806R on DNA extracted from fresh soils
JA121	JTM121	JEP121	SAMN32380197	JA121_FWD.fastq.gz	JA121_RVS.fastq.gz	Amplification of the 16S V4 region with universal primers 515F and 806R on DNA extracted from fresh soils
JA122	JTM122	JEP122	SAMN32380198	JA122_FWD.fastq.gz	JA122_RVS.fastq.gz	Amplification of the 16S V4 region with universal primers 515F and 806R on DNA extracted from fresh soils
JA123	JTM123	JEP123	SAMN32380199	JA123_FWD.fastq.gz	JA123_RVS.fastq.gz	Amplification of the 16S V4 region with universal primers 515F and 806R on DNA extracted from fresh soils
JA124	JTM124	JEP124	SAMN32380200	JA124_FWD.fastq.gz	JA124_RVS.fastq.gz	Amplification of the 16S V4 region with universal primers 515F and 806R on DNA extracted from fresh soils
JA125	JTM125	JEP125	SAMN32380201	JA125_FWD.fastq.gz	JA125_RVS.fastq.gz	Amplification of the 16S V4 region with universal primers 515F and 806R on DNA extracted from fresh soils
JA126	JTM126	JEP126	SAMN32380202	JA126_FWD.fastq.gz	JA126_RVS.fastq.gz	Amplification of the 16S V4 region with universal primers 515F and 806R on DNA extracted from fresh soils
JA127	JTM127	JEP127	SAMN32380203	JA127_FWD.fastq.gz	JA127_RVS.fastq.gz	Amplification of the 16S V4 region with universal primers 515F and 806R on DNA extracted from fresh soils
JA128	JTM128	JEP128	SAMN32380204	JA128_FWD.fastq.gz	JA128_RVS.fastq.gz	Amplification of the 16S V4 region with universal primers 515F and 806R on DNA extracted from fresh soils
JA129	JTM129	JEP129	SAMN32380205	JA129_FWD.fastq.gz	JA129_RVS.fastq.gz	Amplification of the 16S V4 region with universal primers 515F and 806R on DNA extracted from fresh soils
JA130	JTM130	JEP130	SAMN32380206	JA130_FWD.fastq.gz	JA130_RVS.fastq.gz	Amplification of the 16S V4 region with universal primers 515F and 806R on DNA extracted from fresh soils
JA131	JTM131	JEP131	SAMN32380207	JA131_FWD.fastq.gz	JA131_RVS.fastq.gz	Amplification of the 16S V4 region with universal primers 515F and 806R on DNA extracted from fresh soils
JA132	JTM132	JEP132	SAMN32380208	JA132_FWD.fastq.gz	JA132_RVS.fastq.gz	Amplification of the 16S V4 region with universal primers 515F and 806R on DNA extracted from fresh soils
JA133	JTM133	JEP133	SAMN32380209	JA133_FWD.fastq.gz	JA133_RVS.fastq.gz	Amplification of the 16S V4 region with universal primers 515F and 806R on DNA extracted from fresh soils
JA134	JTM134	JEP134	SAMN32380210	JA134_FWD.fastq.gz	JA134_RVS.fastq.gz	Amplification of the 16S V4 region with universal primers 515F and 806R on DNA extracted from fresh soils
JA135	JTM135	JEP135	SAMN32380211	JA135_FWD.fastq.gz	JA135_RVS.fastq.gz	Amplification of the 16S V4 region with universal primers 515F and 806R on DNA extracted from fresh soils
JA136	JTM136	JEP136	SAMN32380212	JA136_FWD.fastq.gz	JA136_RVS.fastq.gz	Amplification of the 16S V4 region with universal primers 515F and 806R on DNA extracted from fresh soils
JA137	JTM137	JEP137	SAMN32380213	JA137_FWD.fastq.gz	JA137_RVS.fastq.gz	Amplification of the 16S V4 region with universal primers 515F and 806R on DNA extracted from fresh soils
JA138	JTM138	JEP138	SAMN32380214	JA138_FWD.fastq.gz	JA138_RVS.fastq.gz	Amplification of the 16S V4 region with universal primers 515F and 806R on DNA extracted from fresh soils
JA139	JTM139	JEP139	SAMN32380215	JA139_FWD.fastq.gz	JA139_RVS.fastq.gz	Amplification of the 16S V4 region with universal primers 515F and 806R on DNA extracted from fresh soils
JA140	JTM140	JEP140	SAMN32380216	JA140_FWD.fastq.gz	JA140_RVS.fastq.gz	Amplification of the 16S V4 region with universal primers 515F and 806R on DNA extracted from fresh soils
JA141	JTM141	JEP141	SAMN32380217	JA141_FWD.fastq.gz	JA141_RVS.fastq.gz	Amplification of the 16S V4 region with universal primers 515F and 806R on DNA extracted from fresh soils
JA142	JTM142	JEP142	SAMN32380218	JA142_FWD.fastq.gz	JA142_RVS.fastq.gz	Amplification of the 16S V4 region with universal primers 515F and 806R on DNA extracted from fresh soils
JA143	JTM143	JEP143	SAMN32380219	JA143_FWD.fastq.gz	JA143_RVS.fastq.gz	Amplification of the 16S V4 region with universal primers 515F and 806R on DNA extracted from fresh soils
JA144	JTM144	JEP144	SAMN32380220	JA144_FWD.fastq.gz	JA144_RVS.fastq.gz	Amplification of the 16S V4 region with universal primers 515F and 806R on DNA extracted from fresh soils
JA145	JTM145	JEP145	SAMN32380221	JA145_FWD.fastq.gz	JA145_RVS.fastq.gz	Amplification of the 16S V4 region with universal primers 515F and 806R on DNA extracted from fresh soils
JA146	JTM146	JEP146	SAMN32380222	JA146_FWD.fastq.gz	JA146_RVS.fastq.gz	Amplification of the 16S V4 region with universal primers 515F and 806R on DNA extracted from fresh soils
JA147	JTM147	JEP147	SAMN32380223	JA147_FWD.fastq.gz	JA147_RVS.fastq.gz	Amplification of the 16S V4 region with universal primers 515F and 806R on DNA extracted from fresh soils
JA148	JTM148	JEP148	SAMN32380224	JA148_FWD.fastq.gz	JA148_RVS.fastq.gz	Amplification of the 16S V4 region with universal primers 515F and 806R on DNA extracted from fresh soils
JA149	JTM149	JEP149	SAMN32380225	JA149_FWD.fastq.gz	JA149_RVS.fastq.gz	Amplification of the 16S V4 region with universal primers 515F and 806R on DNA extracted from fresh soils
JA150	JTM150	JEP150	SAMN32380226	JA150_FWD.fastq.gz	JA150_RVS.fastq.gz	Amplification of the 16S V4 region with universal primers 515F and 806R on DNA extracted from fresh soils
JA151	JTM151	JEP151	SAMN32380227	JA151_FWD.fastq.gz	JA151_RVS.fastq.gz	Amplification of the 16S V4 region with universal primers 515F and 806R on DNA extracted from fresh soils
JA152	JTM152	JEP152	SAMN32380228	JA152_FWD.fastq.gz	JA152_RVS.fastq.gz	Amplification of the 16S V4 region with universal primers 515F and 806R on DNA extracted from fresh soils
JA153	JTM153	JEP153	SAMN32380229	JA153_FWD.fastq.gz	JA153_RVS.fastq.gz	Amplification of the 16S V4 region with universal primers 515F and 806R on DNA extracted from fresh soils
JA154	JTM154	JEP154	SAMN32380230	JA154_FWD.fastq.gz	JA154_RVS.fastq.gz	Amplification of the 16S V4 region with universal primers 515F and 806R on DNA extracted from fresh soils
JA155	JTM155	JEP155	SAMN32380231	JA155_FWD.fastq.gz	JA155_RVS.fastq.gz	Amplification of the 16S V4 region with universal primers 515F and 806R on DNA extracted from fresh soils
JA156	JTM156	JEP156	SAMN32380232	JA156_FWD.fastq.gz	JA156_RVS.fastq.gz	Amplification of the 16S V4 region with universal primers 515F and 806R on DNA extracted from fresh soils
JA157	JTM157	JEP157	SAMN32380233	JA157_FWD.fastq.gz	JA157_RVS.fastq.gz	Amplification of the 16S V4 region with universal primers 515F and 806R on DNA extracted from fresh soils
JA158	JTM158	JEP158	SAMN32380234	JA158_FWD.fastq.gz	JA158_RVS.fastq.gz	Amplification of the 16S V4 region with universal primers 515F and 806R on DNA extracted from fresh soils
JA159	JTM159	JEP159	SAMN32380235	JA159_FWD.fastq.gz	JA159_RVS.fastq.gz	Amplification of the 16S V4 region with universal primers 515F and 806R on DNA extracted from fresh soils
JA160	JTM160	JEP160	SAMN32380236	JA160_FWD.fastq.gz	JA160_RVS.fastq.gz	Amplification of the 16S V4 region with universal primers 515F and 806R on DNA extracted from fresh soils
JA161	JTM161	JEP161	SAMN32380237	JA161_FWD.fastq.gz	JA161_RVS.fastq.gz	Amplification of the 16S V4 region with universal primers 515F and 806R on DNA extracted from fresh soils
JA162	JTM162	JEP162	SAMN32380238	JA162_FWD.fastq.gz	JA162_RVS.fastq.gz	Amplification of the 16S V4 region with universal primers 515F and 806R on DNA extracted from fresh soils
JA163	JTM163	JEP163	SAMN32380239	JA163_FWD.fastq.gz	JA163_RVS.fastq.gz	Amplification of the 16S V4 region with universal primers 515F and 806R on DNA extracted from fresh soils
JA164	JTM164	JEP164	SAMN32380240	JA164_FWD.fastq.gz	JA164_RVS.fastq.gz	Amplification of the 16S V4 region with universal primers 515F and 806R on DNA extracted from fresh soils
JA165	JTM165	JEP165	SAMN32380241	JA165_FWD.fastq.gz	JA165_RVS.fastq.gz	Amplification of the 16S V4 region with universal primers 515F and 806R on DNA extracted from fresh soils
JA166	JTM166	JEP166	SAMN32380242	JA166_FWD.fastq.gz	JA166_RVS.fastq.gz	Amplification of the 16S V4 region with universal primers 515F and 806R on DNA extracted from fresh soils
JA167	JTM167	JEP167	SAMN32380243	JA167_FWD.fastq.gz	JA167_RVS.fastq.gz	Amplification of the 16S V4 region with universal primers 515F and 806R on DNA extracted from fresh soils
JA168	JTM168	JEP168	SAMN32380244	JA168_FWD.fastq.gz	JA168_RVS.fastq.gz	Amplification of the 16S V4 region with universal primers 515F and 806R on DNA extracted from fresh soils
JA169	JTM169	JEP169	SAMN32380245	JA169_FWD.fastq.gz	JA169_RVS.fastq.gz	Amplification of the 16S V4 region with universal primers 515F and 806R on DNA extracted from fresh soils
JA170	JTM170	JEP170	SAMN32380246	JA170_FWD.fastq.gz	JA170_RVS.fastq.gz	Amplification of the 16S V4 region with universal primers 515F and 806R on DNA extracted from fresh soils
JA171	JTM171	JEP171	SAMN32380247	JA171_FWD.fastq.gz	JA171_RVS.fastq.gz	Amplification of the 16S V4 region with universal primers 515F and 806R on DNA extracted from fresh soils
JA172	JTM172	JEP172	SAMN32380248	JA172_FWD.fastq.gz	JA172_RVS.fastq.gz	Amplification of the 16S V4 region with universal primers 515F and 806R on DNA extracted from fresh soils
JA173	JTM173	JEP173	SAMN32380249	JA173_FWD.fastq.gz	JA173_RVS.fastq.gz	Amplification of the 16S V4 region with universal primers 515F and 806R on DNA extracted from fresh soils
JA174	JTM174	JEP174	SAMN32380250	JA174_FWD.fastq.gz	JA174_RVS.fastq.gz	Amplification of the 16S V4 region with universal primers 515F and 806R on DNA extracted from fresh soils
JA175	JTM175	JEP175	SAMN32380251	JA175_FWD.fastq.gz	JA175_RVS.fastq.gz	Amplification of the 16S V4 region with universal primers 515F and 806R on DNA extracted from fresh soils
JA176	JTM176	JEP176	SAMN32380252	JA176_FWD.fastq.gz	JA176_RVS.fastq.gz	Amplification of the 16S V4 region with universal primers 515F and 806R on DNA extracted from fresh soils
JA177	JTM177	JEP177	SAMN32380253	JA177_FWD.fastq.gz	JA177_RVS.fastq.gz	Amplification of the 16S V4 region with universal primers 515F and 806R on DNA extracted from fresh soils
JA178	JTM178	JEP178	SAMN32380254	JA178_FWD.fastq.gz	JA178_RVS.fastq.gz	Amplification of the 16S V4 region with universal primers 515F and 806R on DNA extracted from fresh soils
JA179	JTM179	JEP179	SAMN32380255	JA179_FWD.fastq.gz	JA179_RVS.fastq.gz	Amplification of the 16S V4 region with universal primers 515F and 806R on DNA extracted from fresh soils
JA180	JTM180	JEP180	SAMN32380256	JA180_FWD.fastq.gz	JA180_RVS.fastq.gz	Amplification of the 16S V4 region with universal primers 515F and 806R on DNA extracted from fresh soils
JA181	JTM181	JEP181	SAMN32380257	JA181_FWD.fastq.gz	JA181_RVS.fastq.gz	Amplification of the 16S V4 region with universal primers 515F and 806R on DNA extracted from fresh soils
JA182	JTM182	JEP182	SAMN32380258	JA182_FWD.fastq.gz	JA182_RVS.fastq.gz	Amplification of the 16S V4 region with universal primers 515F and 806R on DNA extracted from fresh soils
JA183	JTM183	JEP183	SAMN32380259	JA183_FWD.fastq.gz	JA183_RVS.fastq.gz	Amplification of the 16S V4 region with universal primers 515F and 806R on DNA extracted from fresh soils
JA184	JTM184	JEP184	SAMN32380260	JA184_FWD.fastq.gz	JA184_RVS.fastq.gz	Amplification of the 16S V4 region with universal primers 515F and 806R on DNA extracted from fresh soils
JA185	JTM185	JEP185	SAMN32380261	JA185_FWD.fastq.gz	JA185_RVS.fastq.gz	Amplification of the 16S V4 region with universal primers 515F and 806R on DNA extracted from fresh soils
JA186	JTM186	JEP186	SAMN32380262	JA186_FWD.fastq.gz	JA186_RVS.fastq.gz	Amplification of the 16S V4 region with universal primers 515F and 806R on DNA extracted from fresh soils
JA187	JTM187	JEP187	SAMN32380263	JA187_FWD.fastq.gz	JA187_RVS.fastq.gz	Amplification of the 16S V4 region with universal primers 515F and 806R on DNA extracted from fresh soils
JA188	JTM188	JEP188	SAMN32380264	JA188_FWD.fastq.gz	JA188_RVS.fastq.gz	Amplification of the 16S V4 region with universal primers 515F and 806R on DNA extracted from fresh soils
JA189	JTM189	JEP189	SAMN32380265	JA189_FWD.fastq.gz	JA189_RVS.fastq.gz	Amplification of the 16S V4 region with universal primers 515F and 806R on DNA extracted from fresh soils
JA190	JTM190	JEP190	SAMN32380266	JA190_FWD.fastq.gz	JA190_RVS.fastq.gz	Amplification of the 16S V4 region with universal primers 515F and 806R on DNA extracted from fresh soils
JA191	JTM191	JEP191	SAMN32380267	JA191_FWD.fastq.gz	JA191_RVS.fastq.gz	Amplification of the 16S V4 region with universal primers 515F and 806R on DNA extracted from fresh soils
JA192	JTM192	JEP192	SAMN32380268	JA192_FWD.fastq.gz	JA192_RVS.fastq.gz	Amplification of the 16S V4 region with universal primers 515F and 806R on DNA extracted from fresh soils
JA193	JTM193	JEP193	SAMN32380269	JA193_FWD.fastq.gz	JA193_RVS.fastq.gz	Amplification of the 16S V4 region with universal primers 515F and 806R on DNA extracted from fresh soils
JA194	JTM194	JEP194	SAMN32380270	JA194_FWD.fastq.gz	JA194_RVS.fastq.gz	Amplification of the 16S V4 region with universal primers 515F and 806R on DNA extracted from fresh soils
JA195	JTM195	JEP195	SAMN32380271	JA195_FWD.fastq.gz	JA195_RVS.fastq.gz	Amplification of the 16S V4 region with universal primers 515F and 806R on DNA extracted from fresh soils
JA196	JTM196	JEP196	SAMN32380272	JA196_FWD.fastq.gz	JA196_RVS.fastq.gz	Amplification of the 16S V4 region with universal primers 515F and 806R on DNA extracted from fresh soils
JA197	JTM197	JEP197	SAMN32380273	JA197_FWD.fastq.gz	JA197_RVS.fastq.gz	Amplification of the 16S V4 region with universal primers 515F and 806R on DNA extracted from fresh soils
JA198	JTM198	JEP198	SAMN32380274	JA198_FWD.fastq.gz	JA198_RVS.fastq.gz	Amplification of the 16S V4 region with universal primers 515F and 806R on DNA extracted from fresh soils
JA199	JTM199	JEP199	SAMN32380275	JA199_FWD.fastq.gz	JA199_RVS.fastq.gz	Amplification of the 16S V4 region with universal primers 515F and 806R on DNA extracted from fresh soils
JA200	JTM200	JEP200	SAMN32380276	JA200_FWD.fastq.gz	JA200_RVS.fastq.gz	Amplification of the 16S V4 region with universal primers 515F and 806R on DNA extracted from fresh soils
JA201	JTM201	JEP201	SAMN32380277	JA201_FWD.fastq.gz	JA201_RVS.fastq.gz	Amplification of the 16S V4 region with universal primers 515F and 806R on DNA extracted from fresh soils
JA202	JTM202	JEP202	SAMN32380278	JA202_FWD.fastq.gz	JA202_RVS.fastq.gz	Amplification of the 16S V4 region with universal primers 515F and 806R on DNA extracted from fresh soils
JA203	JTM203	JEP203	SAMN32380279	JA203_FWD.fastq.gz	JA203_RVS.fastq.gz	Amplification of the 16S V4 region with universal primers 515F and 806R on DNA extracted from fresh soils
JA204	JTM204	JEP204	SAMN32380280	JA204_FWD.fastq.gz	JA204_RVS.fastq.gz	Amplification of the 16S V4 region with universal primers 515F and 806R on DNA extracted from fresh soils
JA205	JTM205	JEP205	SAMN32380281	JA205_FWD.fastq.gz	JA205_RVS.fastq.gz	Amplification of the 16S V4 region with universal primers 515F and 806R on DNA extracted from fresh soils
JA206	JTM206	JEP206	SAMN32380282	JA206_FWD.fastq.gz	JA206_RVS.fastq.gz	Amplification of the 16S V4 region with universal primers 515F and 806R on DNA extracted from fresh soils
JA207	JTM207	JEP207	SAMN32380283	JA207_FWD.fastq.gz	JA207_RVS.fastq.gz	Amplification of the 16S V4 region with universal primers 515F and 806R on DNA extracted from fresh soils
JA208	JTM208	JEP208	SAMN32380284	JA208_FWD.fastq.gz	JA208_RVS.fastq.gz	Amplification of the 16S V4 region with universal primers 515F and 806R on DNA extracted from fresh soils
JA209	JTM209	JEP209	SAMN32380285	JA209_FWD.fastq.gz	JA209_RVS.fastq.gz	Amplification of the 16S V4 region with universal primers 515F and 806R on DNA extracted from fresh soils
JA210	JTM210	JEP210	SAMN32380286	JA210_FWD.fastq.gz	JA210_RVS.fastq.gz	Amplification of the 16S V4 region with universal primers 515F and 806R on DNA extracted from fresh soils
JA211	JTM211	JEP211	SAMN32380287	JA211_FWD.fastq.gz	JA211_RVS.fastq.gz	Amplification of the 16S V4 region with universal primers 515F and 806R on DNA extracted from fresh soils
JA212	JTM212	JEP212	SAMN32380288	JA212_FWD.fastq.gz	JA212_RVS.fastq.gz	Amplification of the 16S V4 region with universal primers 515F and 806R on DNA extracted from fresh soils
JA213	JTM213	JEP213	SAMN32380289	JA213_FWD.fastq.gz	JA213_RVS.fastq.gz	Amplification of the 16S V4 region with universal primers 515F and 806R on DNA extracted from fresh soils
JA214	JTM214	JEP214	SAMN32380290	JA214_FWD.fastq.gz	JA214_RVS.fastq.gz	Amplification of the 16S V4 region with universal primers 515F and 806R on DNA extracted from fresh soils
JA215	JTM215	JEP215	SAMN32380291	JA215_FWD.fastq.gz	JA215_RVS.fastq.gz	Amplification of the 16S V4 region with universal primers 515F and 806R on DNA extracted from fresh soils
JA216	JTM216	JEP216	SAMN32380292	JA216_FWD.fastq.gz	JA216_RVS.fastq.gz	Amplification of the 16S V4 region with universal primers 515F and 806R on DNA extracted from fresh soils
JA217	JTM217	JEP217	SAMN32380293	JA217_FWD.fastq.gz	JA217_RVS.fastq.gz	Amplification of the 16S V4 region with universal primers 515F and 806R on DNA extracted from fresh soils
JA218	JTM218	JEP218	SAMN32380294	JA218_FWD.fastq.gz	JA218_RVS.fastq.gz	Amplification of the 16S V4 region with universal primers 515F and 806R on DNA extracted from fresh soils
JA219	JTM219	JEP219	SAMN32380295	JA219_FWD.fastq.gz	JA219_RVS.fastq.gz	Amplification of the 16S V4 region with universal primers 515F and 806R on DNA extracted from fresh soils
JA220	JTM220	JEP220	SAMN32380296	JA220_FWD.fastq.gz	JA220_RVS.fastq.gz	Amplification of the 16S V4 region with universal primers 515F and 806R on DNA extracted from fresh soils
JA221	JTM221	JEP221	SAMN32380297	JA221_FWD.fastq.gz	JA221_RVS.fastq.gz	Amplification of the 16S V4 region with universal primers 515F and 806R on DNA extracted from fresh soils
JA222	JTM222	JEP222	SAMN32380298	JA222_FWD.fastq.gz	JA222_RVS.fastq.gz	Amplification of the 16S V4 region with universal primers 515F and 806R on DNA extracted from fresh soils
JA223	JTM223	JEP223	SAMN32380299	JA223_FWD.fastq.gz	JA223_RVS.fastq.gz	Amplification of the 16S V4 region with universal primers 515F and 806R on DNA extracted from fresh soils
JA224	JTM224	JEP224	SAMN32380300	JA224_FWD.fastq.gz	JA224_RVS.fastq.gz	Amplification of the 16S V4 region with universal primers 515F and 806R on DNA extracted from fresh soils
JA225	JTM225	JEP225	SAMN32380301	JA225_FWD.fastq.gz	JA225_RVS.fastq.gz	Amplification of the 16S V4 region with universal primers 515F and 806R on DNA extracted from fresh soils
JA226	JTM226	JEP226	SAMN32380302	JA226_FWD.fastq.gz	JA226_RVS.fastq.gz	Amplification of the 16S V4 region with universal primers 515F and 806R on DNA extracted from fresh soils
JA227	JTM227	JEP227	SAMN32380303	JA227_FWD.fastq.gz	JA227_RVS.fastq.gz	Amplification of the 16S V4 region with universal primers 515F and 806R on DNA extracted from fresh soils
JA228	JTM228	JEP228	SAMN32380304	JA228_FWD.fastq.gz	JA228_RVS.fastq.gz	Amplification of the 16S V4 region with universal primers 515F and 806R on DNA extracted from fresh soils
JA229	JTM229	JEP229	SAMN32380305	JA229_FWD.fastq.gz	JA229_RVS.fastq.gz	Amplification of the 16S V4 region with universal primers 515F and 806R on DNA extracted from fresh soils
JA230	JTM230	JEP230	SAMN32380306	JA230_FWD.fastq.gz	JA230_RVS.fastq.gz	Amplification of the 16S V4 region with universal primers 515F and 806R on DNA extracted from fresh soils
JA231	JTM231	JEP231	SAMN32380307	JA231_FWD.fastq.gz	JA231_RVS.fastq.gz	Amplification of the 16S V4 region with universal primers 515F and 806R on DNA extracted from fresh soils
JA232	JTM232	JEP232	SAMN32380308	JA232_FWD.fastq.gz	JA232_RVS.fastq.gz	Amplification of the 16S V4 region with universal primers 515F and 806R on DNA extracted from fresh soils
JA233	JTSTM01	JTS01	SAMN32380309	JA233_FWD.fastq.gz	JA233_RVS.fastq.gz	Amplification of the 16S V4 region with universal primers 515F and 806R on DNA extracted from fresh soils
JA234	JTSTM02	JTS02	SAMN32380310	JA234_FWD.fastq.gz	JA234_RVS.fastq.gz	Amplification of the 16S V4 region with universal primers 515F and 806R on DNA extracted from fresh soils
JA235	JTSTM03	JTS03	SAMN32380311	JA235_FWD.fastq.gz	JA235_RVS.fastq.gz	Amplification of the 16S V4 region with universal primers 515F and 806R on DNA extracted from fresh soils
JA236	JTSTM04	JTS04	SAMN32380312	JA236_FWD.fastq.gz	JA236_RVS.fastq.gz	Amplification of the 16S V4 region with universal primers 515F and 806R on DNA extracted from fresh soils
JA237	JTSTM05	JTS05	SAMN32380313	JA237_FWD.fastq.gz	JA237_RVS.fastq.gz	Amplification of the 16S V4 region with universal primers 515F and 806R on DNA extracted from fresh soils
JA238	JTSTM06	JTS06	SAMN32380314	JA238_FWD.fastq.gz	JA238_RVS.fastq.gz	Amplification of the 16S V4 region with universal primers 515F and 806R on DNA extracted from fresh soils
JA239	JTSTM07	JTS07	SAMN32380315	JA239_FWD.fastq.gz	JA239_RVS.fastq.gz	Amplification of the 16S V4 region with universal primers 515F and 806R on DNA extracted from fresh soils
JA240	JTSTM08	JTS08	SAMN32380316	JA240_FWD.fastq.gz	JA240_RVS.fastq.gz	Amplification of the 16S V4 region with universal primers 515F and 806R on DNA extracted from fresh soils
JA241	JTSTM09	JTS09	SAMN32380317	JA241_FWD.fastq.gz	JA241_RVS.fastq.gz	Amplification of the 16S V4 region with universal primers 515F and 806R on DNA extracted from fresh soils
JA242	JTSTM10	JTS10	SAMN32380318	JA242_FWD.fastq.gz	JA242_RVS.fastq.gz	Amplification of the 16S V4 region with universal primers 515F and 806R on DNA extracted from fresh soils
JA243	JTSTM11	JTS11	SAMN32380319	JA243_FWD.fastq.gz	JA243_RVS.fastq.gz	Amplification of the 16S V4 region with universal primers 515F and 806R on DNA extracted from fresh soils
JA244	JTSTM12	JTS12	SAMN32380320	JA244_FWD.fastq.gz	JA244_RVS.fastq.gz	Amplification of the 16S V4 region with universal primers 515F and 806R on DNA extracted from fresh soils
JA245	JTSTM13	JTS13	SAMN32380321	JA245_FWD.fastq.gz	JA245_RVS.fastq.gz	Amplification of the 16S V4 region with universal primers 515F and 806R on DNA extracted from fresh soils
JA246	JTSTM14	JTS14	SAMN32380322	JA246_FWD.fastq.gz	JA246_RVS.fastq.gz	Amplification of the 16S V4 region with universal primers 515F and 806R on DNA extracted from fresh soils
JA247	JTSTM15	JTS15	SAMN32380323	JA247_FWD.fastq.gz	JA247_RVS.fastq.gz	Amplification of the 16S V4 region with universal primers 515F and 806R on DNA extracted from fresh soils
JA248	JTSTM16	JTS16	SAMN32380324	JA248_FWD.fastq.gz	JA248_RVS.fastq.gz	Amplification of the 16S V4 region with universal primers 515F and 806R on DNA extracted from fresh soils
JA249	JTSTM17	JTS17	SAMN32380325	JA249_FWD.fastq.gz	JA249_RVS.fastq.gz	Amplification of the 16S V4 region with universal primers 515F and 806R on DNA extracted from fresh soils
JA250	JTSTM18	JTS18	SAMN32380326	JA250_FWD.fastq.gz	JA250_RVS.fastq.gz	Amplification of the 16S V4 region with universal primers 515F and 806R on DNA extracted from fresh soils
JA251	JTSTM19	JTS19	SAMN32380327	JA251_FWD.fastq.gz	JA251_RVS.fastq.gz	Amplification of the 16S V4 region with universal primers 515F and 806R on DNA extracted from fresh soils
JA252	JTSTM20	JTS20	SAMN32380328	JA252_FWD.fastq.gz	JA252_RVS.fastq.gz	Amplification of the 16S V4 region with universal primers 515F and 806R on DNA extracted from fresh soils
JA253	JTSTM21	JTS21	SAMN32380329	JA253_FWD.fastq.gz	JA253_RVS.fastq.gz	Amplification of the 16S V4 region with universal primers 515F and 806R on DNA extracted from fresh soils
JA254	JTSTM22	JTS22	SAMN32380330	JA254_FWD.fastq.gz	JA254_RVS.fastq.gz	Amplification of the 16S V4 region with universal primers 515F and 806R on DNA extracted from fresh soils
JA255	JTSTM23	JTS23	SAMN32380331	JA255_FWD.fastq.gz	JA255_RVS.fastq.gz	Amplification of the 16S V4 region with universal primers 515F and 806R on DNA extracted from fresh soils
JA256	JTSTM24	JTS24	SAMN32380332	JA256_FWD.fastq.gz	JA256_RVS.fastq.gz	Amplification of the 16S V4 region with universal primers 515F and 806R on DNA extracted from fresh soils
